"","EC","class"
"1","1.1.1.1","Oxidoreductases"
"2","1.1.1.10","Oxidoreductases"
"3","1.1.1.100","Oxidoreductases"
"4","1.1.1.101","Oxidoreductases"
"5","1.1.1.102","Oxidoreductases"
"6","1.1.1.103","Oxidoreductases"
"7","1.1.1.105","Oxidoreductases"
"8","1.1.1.11","Oxidoreductases"
"9","1.1.1.110","Oxidoreductases"
"10","1.1.1.116","Oxidoreductases"
"11","1.1.1.117","Oxidoreductases"
"12","1.1.1.12","Oxidoreductases"
"13","1.1.1.120","Oxidoreductases"
"14","1.1.1.122","Oxidoreductases"
"15","1.1.1.127","Oxidoreductases"
"16","1.1.1.129","Oxidoreductases"
"17","1.1.1.13","Oxidoreductases"
"18","1.1.1.130","Oxidoreductases"
"19","1.1.1.132","Oxidoreductases"
"20","1.1.1.133","Oxidoreductases"
"21","1.1.1.135","Oxidoreductases"
"22","1.1.1.136","Oxidoreductases"
"23","1.1.1.137","Oxidoreductases"
"24","1.1.1.138","Oxidoreductases"
"25","1.1.1.14","Oxidoreductases"
"26","1.1.1.140","Oxidoreductases"
"27","1.1.1.145","Oxidoreductases"
"28","1.1.1.146","Oxidoreductases"
"29","1.1.1.149","Oxidoreductases"
"30","1.1.1.15","Oxidoreductases"
"31","1.1.1.153","Oxidoreductases"
"32","1.1.1.154","Oxidoreductases"
"33","1.1.1.156","Oxidoreductases"
"34","1.1.1.157","Oxidoreductases"
"35","1.1.1.16","Oxidoreductases"
"36","1.1.1.169","Oxidoreductases"
"37","1.1.1.17","Oxidoreductases"
"38","1.1.1.170","Oxidoreductases"
"39","1.1.1.173","Oxidoreductases"
"40","1.1.1.175","Oxidoreductases"
"41","1.1.1.178","Oxidoreductases"
"42","1.1.1.179","Oxidoreductases"
"43","1.1.1.18","Oxidoreductases"
"44","1.1.1.181","Oxidoreductases"
"45","1.1.1.184","Oxidoreductases"
"46","1.1.1.189","Oxidoreductases"
"47","1.1.1.19","Oxidoreductases"
"48","1.1.1.193","Oxidoreductases"
"49","1.1.1.195","Oxidoreductases"
"50","1.1.1.2","Oxidoreductases"
"51","1.1.1.20","Oxidoreductases"
"52","1.1.1.202","Oxidoreductases"
"53","1.1.1.203","Oxidoreductases"
"54","1.1.1.205","Oxidoreductases"
"55","1.1.1.206","Oxidoreductases"
"56","1.1.1.21","Oxidoreductases"
"57","1.1.1.211","Oxidoreductases"
"58","1.1.1.213","Oxidoreductases"
"59","1.1.1.215","Oxidoreductases"
"60","1.1.1.218","Oxidoreductases"
"61","1.1.1.219","Oxidoreductases"
"62","1.1.1.22","Oxidoreductases"
"63","1.1.1.23","Oxidoreductases"
"64","1.1.1.232","Oxidoreductases"
"65","1.1.1.237","Oxidoreductases"
"66","1.1.1.239","Oxidoreductases"
"67","1.1.1.24","Oxidoreductases"
"68","1.1.1.244","Oxidoreductases"
"69","1.1.1.247","Oxidoreductases"
"70","1.1.1.248","Oxidoreductases"
"71","1.1.1.25","Oxidoreductases"
"72","1.1.1.250","Oxidoreductases"
"73","1.1.1.251","Oxidoreductases"
"74","1.1.1.256","Oxidoreductases"
"75","1.1.1.259","Oxidoreductases"
"76","1.1.1.26","Oxidoreductases"
"77","1.1.1.262","Oxidoreductases"
"78","1.1.1.266","Oxidoreductases"
"79","1.1.1.267","Oxidoreductases"
"80","1.1.1.27","Oxidoreductases"
"81","1.1.1.270","Oxidoreductases"
"82","1.1.1.271","Oxidoreductases"
"83","1.1.1.28","Oxidoreductases"
"84","1.1.1.281","Oxidoreductases"
"85","1.1.1.282","Oxidoreductases"
"86","1.1.1.283","Oxidoreductases"
"87","1.1.1.284","Oxidoreductases"
"88","1.1.1.285","Oxidoreductases"
"89","1.1.1.286","Oxidoreductases"
"90","1.1.1.287","Oxidoreductases"
"91","1.1.1.288","Oxidoreductases"
"92","1.1.1.289","Oxidoreductases"
"93","1.1.1.29","Oxidoreductases"
"94","1.1.1.290","Oxidoreductases"
"95","1.1.1.294","Oxidoreductases"
"96","1.1.1.298","Oxidoreductases"
"97","1.1.1.3","Oxidoreductases"
"98","1.1.1.30","Oxidoreductases"
"99","1.1.1.302","Oxidoreductases"
"100","1.1.1.305","Oxidoreductases"
"101","1.1.1.307","Oxidoreductases"
"102","1.1.1.309","Oxidoreductases"
"103","1.1.1.31","Oxidoreductases"
"104","1.1.1.310","Oxidoreductases"
"105","1.1.1.312","Oxidoreductases"
"106","1.1.1.313","Oxidoreductases"
"107","1.1.1.316","Oxidoreductases"
"108","1.1.1.324","Oxidoreductases"
"109","1.1.1.325","Oxidoreductases"
"110","1.1.1.330","Oxidoreductases"
"111","1.1.1.331","Oxidoreductases"
"112","1.1.1.332","Oxidoreductases"
"113","1.1.1.335","Oxidoreductases"
"114","1.1.1.336","Oxidoreductases"
"115","1.1.1.337","Oxidoreductases"
"116","1.1.1.338","Oxidoreductases"
"117","1.1.1.339","Oxidoreductases"
"118","1.1.1.34","Oxidoreductases"
"119","1.1.1.340","Oxidoreductases"
"120","1.1.1.341","Oxidoreductases"
"121","1.1.1.342","Oxidoreductases"
"122","1.1.1.343","Oxidoreductases"
"123","1.1.1.344","Oxidoreductases"
"124","1.1.1.348","Oxidoreductases"
"125","1.1.1.349","Oxidoreductases"
"126","1.1.1.35","Oxidoreductases"
"127","1.1.1.350","Oxidoreductases"
"128","1.1.1.352","Oxidoreductases"
"129","1.1.1.356","Oxidoreductases"
"130","1.1.1.359","Oxidoreductases"
"131","1.1.1.36","Oxidoreductases"
"132","1.1.1.360","Oxidoreductases"
"133","1.1.1.361","Oxidoreductases"
"134","1.1.1.362","Oxidoreductases"
"135","1.1.1.363","Oxidoreductases"
"136","1.1.1.364","Oxidoreductases"
"137","1.1.1.365","Oxidoreductases"
"138","1.1.1.367","Oxidoreductases"
"139","1.1.1.368","Oxidoreductases"
"140","1.1.1.369","Oxidoreductases"
"141","1.1.1.37","Oxidoreductases"
"142","1.1.1.370","Oxidoreductases"
"143","1.1.1.371","Oxidoreductases"
"144","1.1.1.372","Oxidoreductases"
"145","1.1.1.377","Oxidoreductases"
"146","1.1.1.378","Oxidoreductases"
"147","1.1.1.380","Oxidoreductases"
"148","1.1.1.381","Oxidoreductases"
"149","1.1.1.384","Oxidoreductases"
"150","1.1.1.385","Oxidoreductases"
"151","1.1.1.39","Oxidoreductases"
"152","1.1.1.394","Oxidoreductases"
"153","1.1.1.40","Oxidoreductases"
"154","1.1.1.401","Oxidoreductases"
"155","1.1.1.404","Oxidoreductases"
"156","1.1.1.405","Oxidoreductases"
"157","1.1.1.41","Oxidoreductases"
"158","1.1.1.414","Oxidoreductases"
"159","1.1.1.415","Oxidoreductases"
"160","1.1.1.418","Oxidoreductases"
"161","1.1.1.42","Oxidoreductases"
"162","1.1.1.424","Oxidoreductases"
"163","1.1.1.426","Oxidoreductases"
"164","1.1.1.427","Oxidoreductases"
"165","1.1.1.429","Oxidoreductases"
"166","1.1.1.43","Oxidoreductases"
"167","1.1.1.433","Oxidoreductases"
"168","1.1.1.434","Oxidoreductases"
"169","1.1.1.435","Oxidoreductases"
"170","1.1.1.436","Oxidoreductases"
"171","1.1.1.437","Oxidoreductases"
"172","1.1.1.44","Oxidoreductases"
"173","1.1.1.45","Oxidoreductases"
"174","1.1.1.46","Oxidoreductases"
"175","1.1.1.47","Oxidoreductases"
"176","1.1.1.48","Oxidoreductases"
"177","1.1.1.49","Oxidoreductases"
"178","1.1.1.50","Oxidoreductases"
"179","1.1.1.51","Oxidoreductases"
"180","1.1.1.53","Oxidoreductases"
"181","1.1.1.56","Oxidoreductases"
"182","1.1.1.57","Oxidoreductases"
"183","1.1.1.58","Oxidoreductases"
"184","1.1.1.59","Oxidoreductases"
"185","1.1.1.6","Oxidoreductases"
"186","1.1.1.60","Oxidoreductases"
"187","1.1.1.61","Oxidoreductases"
"188","1.1.1.62","Oxidoreductases"
"189","1.1.1.64","Oxidoreductases"
"190","1.1.1.65","Oxidoreductases"
"191","1.1.1.67","Oxidoreductases"
"192","1.1.1.75","Oxidoreductases"
"193","1.1.1.77","Oxidoreductases"
"194","1.1.1.78","Oxidoreductases"
"195","1.1.1.79","Oxidoreductases"
"196","1.1.1.80","Oxidoreductases"
"197","1.1.1.81","Oxidoreductases"
"198","1.1.1.82","Oxidoreductases"
"199","1.1.1.83","Oxidoreductases"
"200","1.1.1.85","Oxidoreductases"
"201","1.1.1.86","Oxidoreductases"
"202","1.1.1.87","Oxidoreductases"
"203","1.1.1.9","Oxidoreductases"
"204","1.1.1.90","Oxidoreductases"
"205","1.1.1.92","Oxidoreductases"
"206","1.1.1.93","Oxidoreductases"
"207","1.1.1.95","Oxidoreductases"
"208","1.1.2.10","Oxidoreductases"
"209","1.1.2.2","Oxidoreductases"
"210","1.1.2.3","Oxidoreductases"
"211","1.1.2.4","Oxidoreductases"
"212","1.1.2.5","Oxidoreductases"
"213","1.1.2.7","Oxidoreductases"
"214","1.1.2.8","Oxidoreductases"
"215","1.1.3.12","Oxidoreductases"
"216","1.1.3.13","Oxidoreductases"
"217","1.1.3.15","Oxidoreductases"
"218","1.1.3.17","Oxidoreductases"
"219","1.1.3.23","Oxidoreductases"
"220","1.1.3.37","Oxidoreductases"
"221","1.1.3.4","Oxidoreductases"
"222","1.1.3.41","Oxidoreductases"
"223","1.1.3.46","Oxidoreductases"
"224","1.1.3.5","Oxidoreductases"
"225","1.1.3.8","Oxidoreductases"
"226","1.1.3.9","Oxidoreductases"
"227","1.1.5.12","Oxidoreductases"
"228","1.1.5.13","Oxidoreductases"
"229","1.1.5.2","Oxidoreductases"
"230","1.1.5.4","Oxidoreductases"
"231","1.1.5.5","Oxidoreductases"
"232","1.1.5.8","Oxidoreductases"
"233","1.1.5.9","Oxidoreductases"
"234","1.1.7.1","Oxidoreductases"
"235","1.1.98.6","Oxidoreductases"
"236","1.1.99.1","Oxidoreductases"
"237","1.1.99.14","Oxidoreductases"
"238","1.1.99.2","Oxidoreductases"
"239","1.1.99.21","Oxidoreductases"
"240","1.1.99.3","Oxidoreductases"
"241","1.1.99.40","Oxidoreductases"
"242","1.1.99.41","Oxidoreductases"
"243","1.1.99.6","Oxidoreductases"
"244","1.1.99.7","Oxidoreductases"
"245","1.10.3.1","Oxidoreductases"
"246","1.10.3.15","Oxidoreductases"
"247","1.10.3.16","Oxidoreductases"
"248","1.10.3.3","Oxidoreductases"
"249","1.10.3.4","Oxidoreductases"
"250","1.10.3.9","Oxidoreductases"
"251","1.11.1.11","Oxidoreductases"
"252","1.11.1.12","Oxidoreductases"
"253","1.11.1.20","Oxidoreductases"
"254","1.11.1.21","Oxidoreductases"
"255","1.11.1.23","Oxidoreductases"
"256","1.11.1.27","Oxidoreductases"
"257","1.11.1.6","Oxidoreductases"
"258","1.11.1.7","Oxidoreductases"
"259","1.11.1.8","Oxidoreductases"
"260","1.11.1.9","Oxidoreductases"
"261","1.11.2.6","Oxidoreductases"
"262","1.12.98.1","Oxidoreductases"
"263","1.12.98.2","Oxidoreductases"
"264","1.13.11.1","Oxidoreductases"
"265","1.13.11.11","Oxidoreductases"
"266","1.13.11.12","Oxidoreductases"
"267","1.13.11.15","Oxidoreductases"
"268","1.13.11.16","Oxidoreductases"
"269","1.13.11.18","Oxidoreductases"
"270","1.13.11.19","Oxidoreductases"
"271","1.13.11.2","Oxidoreductases"
"272","1.13.11.20","Oxidoreductases"
"273","1.13.11.25","Oxidoreductases"
"274","1.13.11.27","Oxidoreductases"
"275","1.13.11.3","Oxidoreductases"
"276","1.13.11.33","Oxidoreductases"
"277","1.13.11.34","Oxidoreductases"
"278","1.13.11.37","Oxidoreductases"
"279","1.13.11.39","Oxidoreductases"
"280","1.13.11.4","Oxidoreductases"
"281","1.13.11.46","Oxidoreductases"
"282","1.13.11.5","Oxidoreductases"
"283","1.13.11.51","Oxidoreductases"
"284","1.13.11.52","Oxidoreductases"
"285","1.13.11.53","Oxidoreductases"
"286","1.13.11.54","Oxidoreductases"
"287","1.13.11.55","Oxidoreductases"
"288","1.13.11.56","Oxidoreductases"
"289","1.13.11.59","Oxidoreductases"
"290","1.13.11.6","Oxidoreductases"
"291","1.13.11.63","Oxidoreductases"
"292","1.13.11.73","Oxidoreductases"
"293","1.13.11.78","Oxidoreductases"
"294","1.13.11.79","Oxidoreductases"
"295","1.13.11.8","Oxidoreductases"
"296","1.13.11.84","Oxidoreductases"
"297","1.13.11.9","Oxidoreductases"
"298","1.13.11.93","Oxidoreductases"
"299","1.13.12.1","Oxidoreductases"
"300","1.13.12.15","Oxidoreductases"
"301","1.13.12.16","Oxidoreductases"
"302","1.13.12.17","Oxidoreductases"
"303","1.13.12.2","Oxidoreductases"
"304","1.13.12.20","Oxidoreductases"
"305","1.13.12.21","Oxidoreductases"
"306","1.13.12.22","Oxidoreductases"
"307","1.13.12.3","Oxidoreductases"
"308","1.13.12.4","Oxidoreductases"
"309","1.13.12.9","Oxidoreductases"
"310","1.13.99.1","Oxidoreductases"
"311","1.13.99.3","Oxidoreductases"
"312","1.14.11.1","Oxidoreductases"
"313","1.14.11.11","Oxidoreductases"
"314","1.14.11.12","Oxidoreductases"
"315","1.14.11.15","Oxidoreductases"
"316","1.14.11.2","Oxidoreductases"
"317","1.14.11.20","Oxidoreductases"
"318","1.14.11.21","Oxidoreductases"
"319","1.14.11.24","Oxidoreductases"
"320","1.14.11.25","Oxidoreductases"
"321","1.14.11.26","Oxidoreductases"
"322","1.14.11.31","Oxidoreductases"
"323","1.14.11.32","Oxidoreductases"
"324","1.14.11.35","Oxidoreductases"
"325","1.14.11.36","Oxidoreductases"
"326","1.14.11.38","Oxidoreductases"
"327","1.14.11.4","Oxidoreductases"
"328","1.14.11.46","Oxidoreductases"
"329","1.14.11.55","Oxidoreductases"
"330","1.14.11.59","Oxidoreductases"
"331","1.14.11.64","Oxidoreductases"
"332","1.14.11.8","Oxidoreductases"
"333","1.14.11.82","Oxidoreductases"
"334","1.14.11.9","Oxidoreductases"
"335","1.14.12.1","Oxidoreductases"
"336","1.14.12.10","Oxidoreductases"
"337","1.14.12.11","Oxidoreductases"
"338","1.14.12.12","Oxidoreductases"
"339","1.14.12.14","Oxidoreductases"
"340","1.14.12.15","Oxidoreductases"
"341","1.14.12.18","Oxidoreductases"
"342","1.14.12.19","Oxidoreductases"
"343","1.14.12.22","Oxidoreductases"
"344","1.14.12.25","Oxidoreductases"
"345","1.14.12.26","Oxidoreductases"
"346","1.14.12.3","Oxidoreductases"
"347","1.14.12.7","Oxidoreductases"
"348","1.14.13.1","Oxidoreductases"
"349","1.14.13.111","Oxidoreductases"
"350","1.14.13.113","Oxidoreductases"
"351","1.14.13.114","Oxidoreductases"
"352","1.14.13.122","Oxidoreductases"
"353","1.14.13.127","Oxidoreductases"
"354","1.14.13.128","Oxidoreductases"
"355","1.14.13.131","Oxidoreductases"
"356","1.14.13.14","Oxidoreductases"
"357","1.14.13.148","Oxidoreductases"
"358","1.14.13.149","Oxidoreductases"
"359","1.14.13.154","Oxidoreductases"
"360","1.14.13.163","Oxidoreductases"
"361","1.14.13.168","Oxidoreductases"
"362","1.14.13.170","Oxidoreductases"
"363","1.14.13.172","Oxidoreductases"
"364","1.14.13.178","Oxidoreductases"
"365","1.14.13.179","Oxidoreductases"
"366","1.14.13.2","Oxidoreductases"
"367","1.14.13.20","Oxidoreductases"
"368","1.14.13.200","Oxidoreductases"
"369","1.14.13.217","Oxidoreductases"
"370","1.14.13.218","Oxidoreductases"
"371","1.14.13.222","Oxidoreductases"
"372","1.14.13.224","Oxidoreductases"
"373","1.14.13.226","Oxidoreductases"
"374","1.14.13.227","Oxidoreductases"
"375","1.14.13.230","Oxidoreductases"
"376","1.14.13.232","Oxidoreductases"
"377","1.14.13.233","Oxidoreductases"
"378","1.14.13.234","Oxidoreductases"
"379","1.14.13.236","Oxidoreductases"
"380","1.14.13.240","Oxidoreductases"
"381","1.14.13.243","Oxidoreductases"
"382","1.14.13.244","Oxidoreductases"
"383","1.14.13.248","Oxidoreductases"
"384","1.14.13.249","Oxidoreductases"
"385","1.14.13.25","Oxidoreductases"
"386","1.14.13.251","Oxidoreductases"
"387","1.14.13.33","Oxidoreductases"
"388","1.14.13.38","Oxidoreductases"
"389","1.14.13.39","Oxidoreductases"
"390","1.14.13.4","Oxidoreductases"
"391","1.14.13.5","Oxidoreductases"
"392","1.14.13.50","Oxidoreductases"
"393","1.14.13.59","Oxidoreductases"
"394","1.14.13.64","Oxidoreductases"
"395","1.14.13.69","Oxidoreductases"
"396","1.14.13.81","Oxidoreductases"
"397","1.14.13.83","Oxidoreductases"
"398","1.14.13.84","Oxidoreductases"
"399","1.14.13.9","Oxidoreductases"
"400","1.14.14.1","Oxidoreductases"
"401","1.14.14.100","Oxidoreductases"
"402","1.14.14.101","Oxidoreductases"
"403","1.14.14.102","Oxidoreductases"
"404","1.14.14.103","Oxidoreductases"
"405","1.14.14.106","Oxidoreductases"
"406","1.14.14.107","Oxidoreductases"
"407","1.14.14.109","Oxidoreductases"
"408","1.14.14.11","Oxidoreductases"
"409","1.14.14.110","Oxidoreductases"
"410","1.14.14.116","Oxidoreductases"
"411","1.14.14.117","Oxidoreductases"
"412","1.14.14.118","Oxidoreductases"
"413","1.14.14.119","Oxidoreductases"
"414","1.14.14.12","Oxidoreductases"
"415","1.14.14.124","Oxidoreductases"
"416","1.14.14.125","Oxidoreductases"
"417","1.14.14.131","Oxidoreductases"
"418","1.14.14.139","Oxidoreductases"
"419","1.14.14.14","Oxidoreductases"
"420","1.14.14.144","Oxidoreductases"
"421","1.14.14.145","Oxidoreductases"
"422","1.14.14.147","Oxidoreductases"
"423","1.14.14.15","Oxidoreductases"
"424","1.14.14.153","Oxidoreductases"
"425","1.14.14.154","Oxidoreductases"
"426","1.14.14.156","Oxidoreductases"
"427","1.14.14.157","Oxidoreductases"
"428","1.14.14.158","Oxidoreductases"
"429","1.14.14.16","Oxidoreductases"
"430","1.14.14.161","Oxidoreductases"
"431","1.14.14.163","Oxidoreductases"
"432","1.14.14.166","Oxidoreductases"
"433","1.14.14.167","Oxidoreductases"
"434","1.14.14.17","Oxidoreductases"
"435","1.14.14.176","Oxidoreductases"
"436","1.14.14.178","Oxidoreductases"
"437","1.14.14.179","Oxidoreductases"
"438","1.14.14.18","Oxidoreductases"
"439","1.14.14.180","Oxidoreductases"
"440","1.14.14.184","Oxidoreductases"
"441","1.14.14.19","Oxidoreductases"
"442","1.14.14.23","Oxidoreductases"
"443","1.14.14.24","Oxidoreductases"
"444","1.14.14.32","Oxidoreductases"
"445","1.14.14.34","Oxidoreductases"
"446","1.14.14.35","Oxidoreductases"
"447","1.14.14.36","Oxidoreductases"
"448","1.14.14.37","Oxidoreductases"
"449","1.14.14.38","Oxidoreductases"
"450","1.14.14.39","Oxidoreductases"
"451","1.14.14.40","Oxidoreductases"
"452","1.14.14.41","Oxidoreductases"
"453","1.14.14.44","Oxidoreductases"
"454","1.14.14.45","Oxidoreductases"
"455","1.14.14.47","Oxidoreductases"
"456","1.14.14.50","Oxidoreductases"
"457","1.14.14.54","Oxidoreductases"
"458","1.14.14.8","Oxidoreductases"
"459","1.14.14.80","Oxidoreductases"
"460","1.14.14.82","Oxidoreductases"
"461","1.14.14.83","Oxidoreductases"
"462","1.14.14.85","Oxidoreductases"
"463","1.14.14.86","Oxidoreductases"
"464","1.14.14.87","Oxidoreductases"
"465","1.14.14.89","Oxidoreductases"
"466","1.14.14.9","Oxidoreductases"
"467","1.14.14.90","Oxidoreductases"
"468","1.14.14.91","Oxidoreductases"
"469","1.14.14.92","Oxidoreductases"
"470","1.14.14.96","Oxidoreductases"
"471","1.14.14.97","Oxidoreductases"
"472","1.14.14.98","Oxidoreductases"
"473","1.14.15.15","Oxidoreductases"
"474","1.14.15.16","Oxidoreductases"
"475","1.14.15.18","Oxidoreductases"
"476","1.14.15.20","Oxidoreductases"
"477","1.14.15.21","Oxidoreductases"
"478","1.14.15.22","Oxidoreductases"
"479","1.14.15.24","Oxidoreductases"
"480","1.14.15.25","Oxidoreductases"
"481","1.14.15.26","Oxidoreductases"
"482","1.14.15.30","Oxidoreductases"
"483","1.14.15.31","Oxidoreductases"
"484","1.14.15.32","Oxidoreductases"
"485","1.14.15.33","Oxidoreductases"
"486","1.14.15.34","Oxidoreductases"
"487","1.14.15.35","Oxidoreductases"
"488","1.14.15.36","Oxidoreductases"
"489","1.14.15.4","Oxidoreductases"
"490","1.14.15.5","Oxidoreductases"
"491","1.14.15.6","Oxidoreductases"
"492","1.14.15.7","Oxidoreductases"
"493","1.14.15.9","Oxidoreductases"
"494","1.14.16.1","Oxidoreductases"
"495","1.14.16.2","Oxidoreductases"
"496","1.14.16.4","Oxidoreductases"
"497","1.14.17.1","Oxidoreductases"
"498","1.14.17.4","Oxidoreductases"
"499","1.14.18.1","Oxidoreductases"
"500","1.14.18.10","Oxidoreductases"
"501","1.14.18.11","Oxidoreductases"
"502","1.14.18.3","Oxidoreductases"
"503","1.14.18.5","Oxidoreductases"
"504","1.14.18.9","Oxidoreductases"
"505","1.14.19.17","Oxidoreductases"
"506","1.14.19.2","Oxidoreductases"
"507","1.14.19.20","Oxidoreductases"
"508","1.14.19.3","Oxidoreductases"
"509","1.14.19.41","Oxidoreductases"
"510","1.14.19.49","Oxidoreductases"
"511","1.14.19.54","Oxidoreductases"
"512","1.14.19.62","Oxidoreductases"
"513","1.14.19.64","Oxidoreductases"
"514","1.14.19.65","Oxidoreductases"
"515","1.14.19.67","Oxidoreductases"
"516","1.14.19.68","Oxidoreductases"
"517","1.14.19.71","Oxidoreductases"
"518","1.14.19.72","Oxidoreductases"
"519","1.14.19.76","Oxidoreductases"
"520","1.14.19.77","Oxidoreductases"
"521","1.14.19.79","Oxidoreductases"
"522","1.14.19.8","Oxidoreductases"
"523","1.14.19.9","Oxidoreductases"
"524","1.14.20.1","Oxidoreductases"
"525","1.14.20.13","Oxidoreductases"
"526","1.14.20.3","Oxidoreductases"
"527","1.14.20.4","Oxidoreductases"
"528","1.14.20.5","Oxidoreductases"
"529","1.14.20.6","Oxidoreductases"
"530","1.14.20.8","Oxidoreductases"
"531","1.14.99.1","Oxidoreductases"
"532","1.14.99.39","Oxidoreductases"
"533","1.14.99.46","Oxidoreductases"
"534","1.14.99.50","Oxidoreductases"
"535","1.14.99.59","Oxidoreductases"
"536","1.14.99.60","Oxidoreductases"
"537","1.14.99.61","Oxidoreductases"
"538","1.14.99.62","Oxidoreductases"
"539","1.16.1.6","Oxidoreductases"
"540","1.17.1.1","Oxidoreductases"
"541","1.17.1.10","Oxidoreductases"
"542","1.17.1.4","Oxidoreductases"
"543","1.17.1.5","Oxidoreductases"
"544","1.17.1.8","Oxidoreductases"
"545","1.17.1.9","Oxidoreductases"
"546","1.17.2.1","Oxidoreductases"
"547","1.17.3.2","Oxidoreductases"
"548","1.17.4.1","Oxidoreductases"
"549","1.17.4.2","Oxidoreductases"
"550","1.17.4.4","Oxidoreductases"
"551","1.17.5.1","Oxidoreductases"
"552","1.17.7.1","Oxidoreductases"
"553","1.17.7.2","Oxidoreductases"
"554","1.17.7.3","Oxidoreductases"
"555","1.17.7.4","Oxidoreductases"
"556","1.17.9.1","Oxidoreductases"
"557","1.17.98.3","Oxidoreductases"
"558","1.17.99.2","Oxidoreductases"
"559","1.17.99.3","Oxidoreductases"
"560","1.17.99.4","Oxidoreductases"
"561","1.17.99.9","Oxidoreductases"
"562","1.18.1.2","Oxidoreductases"
"563","1.18.6.1","Oxidoreductases"
"564","1.18.6.2","Oxidoreductases"
"565","1.19.6.1","Oxidoreductases"
"566","1.2.1.10","Oxidoreductases"
"567","1.2.1.103","Oxidoreductases"
"568","1.2.1.106","Oxidoreductases"
"569","1.2.1.11","Oxidoreductases"
"570","1.2.1.12","Oxidoreductases"
"571","1.2.1.13","Oxidoreductases"
"572","1.2.1.16","Oxidoreductases"
"573","1.2.1.17","Oxidoreductases"
"574","1.2.1.18","Oxidoreductases"
"575","1.2.1.19","Oxidoreductases"
"576","1.2.1.20","Oxidoreductases"
"577","1.2.1.21","Oxidoreductases"
"578","1.2.1.22","Oxidoreductases"
"579","1.2.1.23","Oxidoreductases"
"580","1.2.1.24","Oxidoreductases"
"581","1.2.1.26","Oxidoreductases"
"582","1.2.1.27","Oxidoreductases"
"583","1.2.1.28","Oxidoreductases"
"584","1.2.1.29","Oxidoreductases"
"585","1.2.1.3","Oxidoreductases"
"586","1.2.1.31","Oxidoreductases"
"587","1.2.1.36","Oxidoreductases"
"588","1.2.1.38","Oxidoreductases"
"589","1.2.1.39","Oxidoreductases"
"590","1.2.1.4","Oxidoreductases"
"591","1.2.1.41","Oxidoreductases"
"592","1.2.1.44","Oxidoreductases"
"593","1.2.1.46","Oxidoreductases"
"594","1.2.1.47","Oxidoreductases"
"595","1.2.1.49","Oxidoreductases"
"596","1.2.1.5","Oxidoreductases"
"597","1.2.1.53","Oxidoreductases"
"598","1.2.1.54","Oxidoreductases"
"599","1.2.1.57","Oxidoreductases"
"600","1.2.1.58","Oxidoreductases"
"601","1.2.1.59","Oxidoreductases"
"602","1.2.1.60","Oxidoreductases"
"603","1.2.1.63","Oxidoreductases"
"604","1.2.1.65","Oxidoreductases"
"605","1.2.1.7","Oxidoreductases"
"606","1.2.1.70","Oxidoreductases"
"607","1.2.1.71","Oxidoreductases"
"608","1.2.1.72","Oxidoreductases"
"609","1.2.1.74","Oxidoreductases"
"610","1.2.1.75","Oxidoreductases"
"611","1.2.1.76","Oxidoreductases"
"612","1.2.1.79","Oxidoreductases"
"613","1.2.1.8","Oxidoreductases"
"614","1.2.1.82","Oxidoreductases"
"615","1.2.1.83","Oxidoreductases"
"616","1.2.1.85","Oxidoreductases"
"617","1.2.1.87","Oxidoreductases"
"618","1.2.1.88","Oxidoreductases"
"619","1.2.1.89","Oxidoreductases"
"620","1.2.1.9","Oxidoreductases"
"621","1.2.1.90","Oxidoreductases"
"622","1.2.1.91","Oxidoreductases"
"623","1.2.1.95","Oxidoreductases"
"624","1.2.1.99","Oxidoreductases"
"625","1.2.2.1","Oxidoreductases"
"626","1.2.3.1","Oxidoreductases"
"627","1.2.3.14","Oxidoreductases"
"628","1.2.3.3","Oxidoreductases"
"629","1.2.3.5","Oxidoreductases"
"630","1.2.3.7","Oxidoreductases"
"631","1.2.3.8","Oxidoreductases"
"632","1.2.4.2","Oxidoreductases"
"633","1.2.4.4","Oxidoreductases"
"634","1.2.5.1","Oxidoreductases"
"635","1.2.7.1","Oxidoreductases"
"636","1.2.7.11","Oxidoreductases"
"637","1.2.7.12","Oxidoreductases"
"638","1.2.7.3","Oxidoreductases"
"639","1.2.7.4","Oxidoreductases"
"640","1.2.7.5","Oxidoreductases"
"641","1.2.7.6","Oxidoreductases"
"642","1.2.7.7","Oxidoreductases"
"643","1.2.98.1","Oxidoreductases"
"644","1.2.99.8","Oxidoreductases"
"645","1.21.1.2","Oxidoreductases"
"646","1.21.3.1","Oxidoreductases"
"647","1.21.3.10","Oxidoreductases"
"648","1.21.3.3","Oxidoreductases"
"649","1.21.3.7","Oxidoreductases"
"650","1.21.3.8","Oxidoreductases"
"651","1.21.4.1","Oxidoreductases"
"652","1.21.4.5","Oxidoreductases"
"653","1.21.98.1","Oxidoreductases"
"654","1.21.98.2","Oxidoreductases"
"655","1.21.99.5","Oxidoreductases"
"656","1.23.1.1","Oxidoreductases"
"657","1.23.1.2","Oxidoreductases"
"658","1.23.5.1","Oxidoreductases"
"659","1.3.1.1","Oxidoreductases"
"660","1.3.1.10","Oxidoreductases"
"661","1.3.1.100","Oxidoreductases"
"662","1.3.1.104","Oxidoreductases"
"663","1.3.1.106","Oxidoreductases"
"664","1.3.1.11","Oxidoreductases"
"665","1.3.1.119","Oxidoreductases"
"666","1.3.1.12","Oxidoreductases"
"667","1.3.1.122","Oxidoreductases"
"668","1.3.1.125","Oxidoreductases"
"669","1.3.1.13","Oxidoreductases"
"670","1.3.1.14","Oxidoreductases"
"671","1.3.1.19","Oxidoreductases"
"672","1.3.1.2","Oxidoreductases"
"673","1.3.1.21","Oxidoreductases"
"674","1.3.1.22","Oxidoreductases"
"675","1.3.1.24","Oxidoreductases"
"676","1.3.1.25","Oxidoreductases"
"677","1.3.1.29","Oxidoreductases"
"678","1.3.1.3","Oxidoreductases"
"679","1.3.1.31","Oxidoreductases"
"680","1.3.1.32","Oxidoreductases"
"681","1.3.1.33","Oxidoreductases"
"682","1.3.1.38","Oxidoreductases"
"683","1.3.1.42","Oxidoreductases"
"684","1.3.1.43","Oxidoreductases"
"685","1.3.1.44","Oxidoreductases"
"686","1.3.1.45","Oxidoreductases"
"687","1.3.1.49","Oxidoreductases"
"688","1.3.1.53","Oxidoreductases"
"689","1.3.1.54","Oxidoreductases"
"690","1.3.1.56","Oxidoreductases"
"691","1.3.1.58","Oxidoreductases"
"692","1.3.1.6","Oxidoreductases"
"693","1.3.1.62","Oxidoreductases"
"694","1.3.1.64","Oxidoreductases"
"695","1.3.1.66","Oxidoreductases"
"696","1.3.1.67","Oxidoreductases"
"697","1.3.1.68","Oxidoreductases"
"698","1.3.1.7","Oxidoreductases"
"699","1.3.1.70","Oxidoreductases"
"700","1.3.1.71","Oxidoreductases"
"701","1.3.1.72","Oxidoreductases"
"702","1.3.1.75","Oxidoreductases"
"703","1.3.1.76","Oxidoreductases"
"704","1.3.1.77","Oxidoreductases"
"705","1.3.1.78","Oxidoreductases"
"706","1.3.1.79","Oxidoreductases"
"707","1.3.1.8","Oxidoreductases"
"708","1.3.1.83","Oxidoreductases"
"709","1.3.1.84","Oxidoreductases"
"710","1.3.1.85","Oxidoreductases"
"711","1.3.1.86","Oxidoreductases"
"712","1.3.1.87","Oxidoreductases"
"713","1.3.1.9","Oxidoreductases"
"714","1.3.1.93","Oxidoreductases"
"715","1.3.1.94","Oxidoreductases"
"716","1.3.1.95","Oxidoreductases"
"717","1.3.1.98","Oxidoreductases"
"718","1.3.2.3","Oxidoreductases"
"719","1.3.2.4","Oxidoreductases"
"720","1.3.3.12","Oxidoreductases"
"721","1.3.3.15","Oxidoreductases"
"722","1.3.3.3","Oxidoreductases"
"723","1.3.3.4","Oxidoreductases"
"724","1.3.3.6","Oxidoreductases"
"725","1.3.3.8","Oxidoreductases"
"726","1.3.4.1","Oxidoreductases"
"727","1.3.5.1","Oxidoreductases"
"728","1.3.5.2","Oxidoreductases"
"729","1.3.5.3","Oxidoreductases"
"730","1.3.5.5","Oxidoreductases"
"731","1.3.5.6","Oxidoreductases"
"732","1.3.7.13","Oxidoreductases"
"733","1.3.7.7","Oxidoreductases"
"734","1.3.7.8","Oxidoreductases"
"735","1.3.8.1","Oxidoreductases"
"736","1.3.8.11","Oxidoreductases"
"737","1.3.8.12","Oxidoreductases"
"738","1.3.8.14","Oxidoreductases"
"739","1.3.8.16","Oxidoreductases"
"740","1.3.8.17","Oxidoreductases"
"741","1.3.8.3","Oxidoreductases"
"742","1.3.8.4","Oxidoreductases"
"743","1.3.8.5","Oxidoreductases"
"744","1.3.8.6","Oxidoreductases"
"745","1.3.8.7","Oxidoreductases"
"746","1.3.8.8","Oxidoreductases"
"747","1.3.8.9","Oxidoreductases"
"748","1.3.98.1","Oxidoreductases"
"749","1.3.98.3","Oxidoreductases"
"750","1.3.98.4","Oxidoreductases"
"751","1.3.98.5","Oxidoreductases"
"752","1.3.98.6","Oxidoreductases"
"753","1.3.99.26","Oxidoreductases"
"754","1.3.99.27","Oxidoreductases"
"755","1.3.99.28","Oxidoreductases"
"756","1.3.99.29","Oxidoreductases"
"757","1.3.99.30","Oxidoreductases"
"758","1.3.99.31","Oxidoreductases"
"759","1.3.99.32","Oxidoreductases"
"760","1.3.99.37","Oxidoreductases"
"761","1.3.99.4","Oxidoreductases"
"762","1.3.99.41","Oxidoreductases"
"763","1.3.99.6","Oxidoreductases"
"764","1.3.99.8","Oxidoreductases"
"765","1.4.1.1","Oxidoreductases"
"766","1.4.1.11","Oxidoreductases"
"767","1.4.1.12","Oxidoreductases"
"768","1.4.1.13","Oxidoreductases"
"769","1.4.1.14","Oxidoreductases"
"770","1.4.1.16","Oxidoreductases"
"771","1.4.1.18","Oxidoreductases"
"772","1.4.1.2","Oxidoreductases"
"773","1.4.1.20","Oxidoreductases"
"774","1.4.1.21","Oxidoreductases"
"775","1.4.1.23","Oxidoreductases"
"776","1.4.1.24","Oxidoreductases"
"777","1.4.1.25","Oxidoreductases"
"778","1.4.1.26","Oxidoreductases"
"779","1.4.1.3","Oxidoreductases"
"780","1.4.1.4","Oxidoreductases"
"781","1.4.1.9","Oxidoreductases"
"782","1.4.2.1","Oxidoreductases"
"783","1.4.2.2","Oxidoreductases"
"784","1.4.2.3","Oxidoreductases"
"785","1.4.3.1","Oxidoreductases"
"786","1.4.3.10","Oxidoreductases"
"787","1.4.3.14","Oxidoreductases"
"788","1.4.3.15","Oxidoreductases"
"789","1.4.3.16","Oxidoreductases"
"790","1.4.3.19","Oxidoreductases"
"791","1.4.3.2","Oxidoreductases"
"792","1.4.3.21","Oxidoreductases"
"793","1.4.3.22","Oxidoreductases"
"794","1.4.3.23","Oxidoreductases"
"795","1.4.3.25","Oxidoreductases"
"796","1.4.3.3","Oxidoreductases"
"797","1.4.3.4","Oxidoreductases"
"798","1.4.3.5","Oxidoreductases"
"799","1.4.3.7","Oxidoreductases"
"800","1.4.4.2","Oxidoreductases"
"801","1.4.5.1","Oxidoreductases"
"802","1.4.9.1","Oxidoreductases"
"803","1.4.9.2","Oxidoreductases"
"804","1.4.99.5","Oxidoreductases"
"805","1.4.99.6","Oxidoreductases"
"806","1.5.1.1","Oxidoreductases"
"807","1.5.1.10","Oxidoreductases"
"808","1.5.1.11","Oxidoreductases"
"809","1.5.1.15","Oxidoreductases"
"810","1.5.1.18","Oxidoreductases"
"811","1.5.1.19","Oxidoreductases"
"812","1.5.1.2","Oxidoreductases"
"813","1.5.1.20","Oxidoreductases"
"814","1.5.1.21","Oxidoreductases"
"815","1.5.1.27","Oxidoreductases"
"816","1.5.1.3","Oxidoreductases"
"817","1.5.1.30","Oxidoreductases"
"818","1.5.1.33","Oxidoreductases"
"819","1.5.1.34","Oxidoreductases"
"820","1.5.1.36","Oxidoreductases"
"821","1.5.1.37","Oxidoreductases"
"822","1.5.1.38","Oxidoreductases"
"823","1.5.1.39","Oxidoreductases"
"824","1.5.1.41","Oxidoreductases"
"825","1.5.1.42","Oxidoreductases"
"826","1.5.1.43","Oxidoreductases"
"827","1.5.1.44","Oxidoreductases"
"828","1.5.1.45","Oxidoreductases"
"829","1.5.1.49","Oxidoreductases"
"830","1.5.1.5","Oxidoreductases"
"831","1.5.1.51","Oxidoreductases"
"832","1.5.1.52","Oxidoreductases"
"833","1.5.1.53","Oxidoreductases"
"834","1.5.1.54","Oxidoreductases"
"835","1.5.1.6","Oxidoreductases"
"836","1.5.1.7","Oxidoreductases"
"837","1.5.1.8","Oxidoreductases"
"838","1.5.1.9","Oxidoreductases"
"839","1.5.3.1","Oxidoreductases"
"840","1.5.3.10","Oxidoreductases"
"841","1.5.3.12","Oxidoreductases"
"842","1.5.3.14","Oxidoreductases"
"843","1.5.3.16","Oxidoreductases"
"844","1.5.3.17","Oxidoreductases"
"845","1.5.3.21","Oxidoreductases"
"846","1.5.3.24","Oxidoreductases"
"847","1.5.3.5","Oxidoreductases"
"848","1.5.3.6","Oxidoreductases"
"849","1.5.3.7","Oxidoreductases"
"850","1.5.4.1","Oxidoreductases"
"851","1.5.5.2","Oxidoreductases"
"852","1.5.5.3","Oxidoreductases"
"853","1.5.7.3","Oxidoreductases"
"854","1.5.8.1","Oxidoreductases"
"855","1.5.8.2","Oxidoreductases"
"856","1.5.8.3","Oxidoreductases"
"857","1.5.8.4","Oxidoreductases"
"858","1.5.98.1","Oxidoreductases"
"859","1.5.98.2","Oxidoreductases"
"860","1.5.99.13","Oxidoreductases"
"861","1.5.99.14","Oxidoreductases"
"862","1.5.99.3","Oxidoreductases"
"863","1.5.99.4","Oxidoreductases"
"864","1.5.99.5","Oxidoreductases"
"865","1.5.99.6","Oxidoreductases"
"866","1.6.1.1","Oxidoreductases"
"867","1.6.1.2","Oxidoreductases"
"868","1.6.5.12","Oxidoreductases"
"869","1.6.5.2","Oxidoreductases"
"870","1.6.5.4","Oxidoreductases"
"871","1.6.5.7","Oxidoreductases"
"872","1.6.5.9","Oxidoreductases"
"873","1.7.1.1","Oxidoreductases"
"874","1.7.1.10","Oxidoreductases"
"875","1.7.1.13","Oxidoreductases"
"876","1.7.1.14","Oxidoreductases"
"877","1.7.1.15","Oxidoreductases"
"878","1.7.1.2","Oxidoreductases"
"879","1.7.1.3","Oxidoreductases"
"880","1.7.1.4","Oxidoreductases"
"881","1.7.1.7","Oxidoreductases"
"882","1.7.2.1","Oxidoreductases"
"883","1.7.2.2","Oxidoreductases"
"884","1.7.2.3","Oxidoreductases"
"885","1.7.2.4","Oxidoreductases"
"886","1.7.2.5","Oxidoreductases"
"887","1.7.2.6","Oxidoreductases"
"888","1.7.2.7","Oxidoreductases"
"889","1.7.2.8","Oxidoreductases"
"890","1.7.3.1","Oxidoreductases"
"891","1.7.3.3","Oxidoreductases"
"892","1.7.5.1","Oxidoreductases"
"893","1.7.7.1","Oxidoreductases"
"894","1.7.7.2","Oxidoreductases"
"895","1.7.99.1","Oxidoreductases"
"896","1.8.1.10","Oxidoreductases"
"897","1.8.1.12","Oxidoreductases"
"898","1.8.1.13","Oxidoreductases"
"899","1.8.1.17","Oxidoreductases"
"900","1.8.1.2","Oxidoreductases"
"901","1.8.1.4","Oxidoreductases"
"902","1.8.1.6","Oxidoreductases"
"903","1.8.1.7","Oxidoreductases"
"904","1.8.2.1","Oxidoreductases"
"905","1.8.2.3","Oxidoreductases"
"906","1.8.2.4","Oxidoreductases"
"907","1.8.3.1","Oxidoreductases"
"908","1.8.3.3","Oxidoreductases"
"909","1.8.3.4","Oxidoreductases"
"910","1.8.4.1","Oxidoreductases"
"911","1.8.4.14","Oxidoreductases"
"912","1.8.4.2","Oxidoreductases"
"913","1.8.4.3","Oxidoreductases"
"914","1.8.4.4","Oxidoreductases"
"915","1.8.4.7","Oxidoreductases"
"916","1.8.4.8","Oxidoreductases"
"917","1.8.4.9","Oxidoreductases"
"918","1.8.5.1","Oxidoreductases"
"919","1.8.5.2","Oxidoreductases"
"920","1.8.5.3","Oxidoreductases"
"921","1.8.5.5","Oxidoreductases"
"922","1.8.5.6","Oxidoreductases"
"923","1.8.5.8","Oxidoreductases"
"924","1.8.7.1","Oxidoreductases"
"925","1.8.7.3","Oxidoreductases"
"926","1.8.98.1","Oxidoreductases"
"927","1.8.98.4","Oxidoreductases"
"928","1.8.98.5","Oxidoreductases"
"929","1.8.98.6","Oxidoreductases"
"930","1.8.99.2","Oxidoreductases"
"931","1.8.99.5","Oxidoreductases"
"932","1.9.6.1","Oxidoreductases"
"933","2.1.1.1","Transferases"
"934","2.1.1.10","Transferases"
"935","2.1.1.101","Transferases"
"936","2.1.1.102","Transferases"
"937","2.1.1.104","Transferases"
"938","2.1.1.107","Transferases"
"939","2.1.1.109","Transferases"
"940","2.1.1.11","Transferases"
"941","2.1.1.110","Transferases"
"942","2.1.1.114","Transferases"
"943","2.1.1.116","Transferases"
"944","2.1.1.117","Transferases"
"945","2.1.1.119","Transferases"
"946","2.1.1.12","Transferases"
"947","2.1.1.120","Transferases"
"948","2.1.1.122","Transferases"
"949","2.1.1.128","Transferases"
"950","2.1.1.13","Transferases"
"951","2.1.1.130","Transferases"
"952","2.1.1.131","Transferases"
"953","2.1.1.132","Transferases"
"954","2.1.1.133","Transferases"
"955","2.1.1.139","Transferases"
"956","2.1.1.14","Transferases"
"957","2.1.1.140","Transferases"
"958","2.1.1.143","Transferases"
"959","2.1.1.148","Transferases"
"960","2.1.1.151","Transferases"
"961","2.1.1.152","Transferases"
"962","2.1.1.156","Transferases"
"963","2.1.1.157","Transferases"
"964","2.1.1.158","Transferases"
"965","2.1.1.159","Transferases"
"966","2.1.1.160","Transferases"
"967","2.1.1.161","Transferases"
"968","2.1.1.163","Transferases"
"969","2.1.1.164","Transferases"
"970","2.1.1.17","Transferases"
"971","2.1.1.195","Transferases"
"972","2.1.1.196","Transferases"
"973","2.1.1.197","Transferases"
"974","2.1.1.2","Transferases"
"975","2.1.1.20","Transferases"
"976","2.1.1.201","Transferases"
"977","2.1.1.21","Transferases"
"978","2.1.1.210","Transferases"
"979","2.1.1.22","Transferases"
"980","2.1.1.222","Transferases"
"981","2.1.1.234","Transferases"
"982","2.1.1.235","Transferases"
"983","2.1.1.237","Transferases"
"984","2.1.1.238","Transferases"
"985","2.1.1.239","Transferases"
"986","2.1.1.241","Transferases"
"987","2.1.1.251","Transferases"
"988","2.1.1.254","Transferases"
"989","2.1.1.258","Transferases"
"990","2.1.1.261","Transferases"
"991","2.1.1.269","Transferases"
"992","2.1.1.27","Transferases"
"993","2.1.1.271","Transferases"
"994","2.1.1.272","Transferases"
"995","2.1.1.28","Transferases"
"996","2.1.1.284","Transferases"
"997","2.1.1.285","Transferases"
"998","2.1.1.288","Transferases"
"999","2.1.1.289","Transferases"
"1000","2.1.1.293","Transferases"
"1001","2.1.1.295","Transferases"
"1002","2.1.1.303","Transferases"
"1003","2.1.1.305","Transferases"
"1004","2.1.1.306","Transferases"
"1005","2.1.1.307","Transferases"
"1006","2.1.1.308","Transferases"
"1007","2.1.1.323","Transferases"
"1008","2.1.1.324","Transferases"
"1009","2.1.1.327","Transferases"
"1010","2.1.1.329","Transferases"
"1011","2.1.1.330","Transferases"
"1012","2.1.1.334","Transferases"
"1013","2.1.1.335","Transferases"
"1014","2.1.1.343","Transferases"
"1015","2.1.1.345","Transferases"
"1016","2.1.1.352","Transferases"
"1017","2.1.1.354","Transferases"
"1018","2.1.1.355","Transferases"
"1019","2.1.1.356","Transferases"
"1020","2.1.1.357","Transferases"
"1021","2.1.1.359","Transferases"
"1022","2.1.1.360","Transferases"
"1023","2.1.1.361","Transferases"
"1024","2.1.1.362","Transferases"
"1025","2.1.1.364","Transferases"
"1026","2.1.1.366","Transferases"
"1027","2.1.1.367","Transferases"
"1028","2.1.1.368","Transferases"
"1029","2.1.1.369","Transferases"
"1030","2.1.1.37","Transferases"
"1031","2.1.1.370","Transferases"
"1032","2.1.1.371","Transferases"
"1033","2.1.1.372","Transferases"
"1034","2.1.1.376","Transferases"
"1035","2.1.1.378","Transferases"
"1036","2.1.1.38","Transferases"
"1037","2.1.1.380","Transferases"
"1038","2.1.1.385","Transferases"
"1039","2.1.1.387","Transferases"
"1040","2.1.1.4","Transferases"
"1041","2.1.1.41","Transferases"
"1042","2.1.1.44","Transferases"
"1043","2.1.1.45","Transferases"
"1044","2.1.1.46","Transferases"
"1045","2.1.1.47","Transferases"
"1046","2.1.1.49","Transferases"
"1047","2.1.1.5","Transferases"
"1048","2.1.1.53","Transferases"
"1049","2.1.1.59","Transferases"
"1050","2.1.1.6","Transferases"
"1051","2.1.1.60","Transferases"
"1052","2.1.1.64","Transferases"
"1053","2.1.1.68","Transferases"
"1054","2.1.1.71","Transferases"
"1055","2.1.1.8","Transferases"
"1056","2.1.1.86","Transferases"
"1057","2.1.1.94","Transferases"
"1058","2.1.1.95","Transferases"
"1059","2.1.1.99","Transferases"
"1060","2.1.2.1","Transferases"
"1061","2.1.2.10","Transferases"
"1062","2.1.2.11","Transferases"
"1063","2.1.2.13","Transferases"
"1064","2.1.2.14","Transferases"
"1065","2.1.2.2","Transferases"
"1066","2.1.2.3","Transferases"
"1067","2.1.2.4","Transferases"
"1068","2.1.2.5","Transferases"
"1069","2.1.2.7","Transferases"
"1070","2.1.2.8","Transferases"
"1071","2.1.2.9","Transferases"
"1072","2.1.3.1","Transferases"
"1073","2.1.3.12","Transferases"
"1074","2.1.3.16","Transferases"
"1075","2.1.3.2","Transferases"
"1076","2.1.3.3","Transferases"
"1077","2.1.3.5","Transferases"
"1078","2.1.3.7","Transferases"
"1079","2.1.3.9","Transferases"
"1080","2.1.4.1","Transferases"
"1081","2.10.1.1","Transferases"
"1082","2.2.1.1","Transferases"
"1083","2.2.1.10","Transferases"
"1084","2.2.1.11","Transferases"
"1085","2.2.1.12","Transferases"
"1086","2.2.1.2","Transferases"
"1087","2.2.1.3","Transferases"
"1088","2.2.1.6","Transferases"
"1089","2.2.1.7","Transferases"
"1090","2.2.1.9","Transferases"
"1091","2.3.1.1","Transferases"
"1092","2.3.1.101","Transferases"
"1093","2.3.1.102","Transferases"
"1094","2.3.1.105","Transferases"
"1095","2.3.1.107","Transferases"
"1096","2.3.1.109","Transferases"
"1097","2.3.1.117","Transferases"
"1098","2.3.1.121","Transferases"
"1099","2.3.1.129","Transferases"
"1100","2.3.1.133","Transferases"
"1101","2.3.1.135","Transferases"
"1102","2.3.1.140","Transferases"
"1103","2.3.1.15","Transferases"
"1104","2.3.1.150","Transferases"
"1105","2.3.1.157","Transferases"
"1106","2.3.1.158","Transferases"
"1107","2.3.1.16","Transferases"
"1108","2.3.1.161","Transferases"
"1109","2.3.1.164","Transferases"
"1110","2.3.1.165","Transferases"
"1111","2.3.1.166","Transferases"
"1112","2.3.1.167","Transferases"
"1113","2.3.1.168","Transferases"
"1114","2.3.1.169","Transferases"
"1115","2.3.1.17","Transferases"
"1116","2.3.1.174","Transferases"
"1117","2.3.1.175","Transferases"
"1118","2.3.1.176","Transferases"
"1119","2.3.1.178","Transferases"
"1120","2.3.1.179","Transferases"
"1121","2.3.1.180","Transferases"
"1122","2.3.1.181","Transferases"
"1123","2.3.1.184","Transferases"
"1124","2.3.1.19","Transferases"
"1125","2.3.1.191","Transferases"
"1126","2.3.1.197","Transferases"
"1127","2.3.1.199","Transferases"
"1128","2.3.1.20","Transferases"
"1129","2.3.1.200","Transferases"
"1130","2.3.1.201","Transferases"
"1131","2.3.1.202","Transferases"
"1132","2.3.1.203","Transferases"
"1133","2.3.1.204","Transferases"
"1134","2.3.1.205","Transferases"
"1135","2.3.1.206","Transferases"
"1136","2.3.1.209","Transferases"
"1137","2.3.1.210","Transferases"
"1138","2.3.1.22","Transferases"
"1139","2.3.1.221","Transferases"
"1140","2.3.1.222","Transferases"
"1141","2.3.1.223","Transferases"
"1142","2.3.1.226","Transferases"
"1143","2.3.1.227","Transferases"
"1144","2.3.1.235","Transferases"
"1145","2.3.1.237","Transferases"
"1146","2.3.1.238","Transferases"
"1147","2.3.1.239","Transferases"
"1148","2.3.1.240","Transferases"
"1149","2.3.1.241","Transferases"
"1150","2.3.1.243","Transferases"
"1151","2.3.1.244","Transferases"
"1152","2.3.1.247","Transferases"
"1153","2.3.1.260","Transferases"
"1154","2.3.1.265","Transferases"
"1155","2.3.1.271","Transferases"
"1156","2.3.1.274","Transferases"
"1157","2.3.1.275","Transferases"
"1158","2.3.1.276","Transferases"
"1159","2.3.1.285","Transferases"
"1160","2.3.1.286","Transferases"
"1161","2.3.1.29","Transferases"
"1162","2.3.1.291","Transferases"
"1163","2.3.1.297","Transferases"
"1164","2.3.1.298","Transferases"
"1165","2.3.1.299","Transferases"
"1166","2.3.1.3","Transferases"
"1167","2.3.1.30","Transferases"
"1168","2.3.1.304","Transferases"
"1169","2.3.1.306","Transferases"
"1170","2.3.1.31","Transferases"
"1171","2.3.1.32","Transferases"
"1172","2.3.1.35","Transferases"
"1173","2.3.1.36","Transferases"
"1174","2.3.1.37","Transferases"
"1175","2.3.1.39","Transferases"
"1176","2.3.1.4","Transferases"
"1177","2.3.1.41","Transferases"
"1178","2.3.1.46","Transferases"
"1179","2.3.1.47","Transferases"
"1180","2.3.1.5","Transferases"
"1181","2.3.1.50","Transferases"
"1182","2.3.1.51","Transferases"
"1183","2.3.1.53","Transferases"
"1184","2.3.1.54","Transferases"
"1185","2.3.1.57","Transferases"
"1186","2.3.1.61","Transferases"
"1187","2.3.1.63","Transferases"
"1188","2.3.1.64","Transferases"
"1189","2.3.1.65","Transferases"
"1190","2.3.1.67","Transferases"
"1191","2.3.1.74","Transferases"
"1192","2.3.1.76","Transferases"
"1193","2.3.1.78","Transferases"
"1194","2.3.1.8","Transferases"
"1195","2.3.1.80","Transferases"
"1196","2.3.1.85","Transferases"
"1197","2.3.1.86","Transferases"
"1198","2.3.1.87","Transferases"
"1199","2.3.1.89","Transferases"
"1200","2.3.1.9","Transferases"
"1201","2.3.1.94","Transferases"
"1202","2.3.2.16","Transferases"
"1203","2.3.2.17","Transferases"
"1204","2.3.2.18","Transferases"
"1205","2.3.2.2","Transferases"
"1206","2.3.2.35","Transferases"
"1207","2.3.3.1","Transferases"
"1208","2.3.3.10","Transferases"
"1209","2.3.3.11","Transferases"
"1210","2.3.3.13","Transferases"
"1211","2.3.3.14","Transferases"
"1212","2.3.3.15","Transferases"
"1213","2.3.3.21","Transferases"
"1214","2.3.3.3","Transferases"
"1215","2.3.3.5","Transferases"
"1216","2.3.3.8","Transferases"
"1217","2.3.3.9","Transferases"
"1218","2.4.1.1","Transferases"
"1219","2.4.1.10","Transferases"
"1220","2.4.1.101","Transferases"
"1221","2.4.1.102","Transferases"
"1222","2.4.1.109","Transferases"
"1223","2.4.1.11","Transferases"
"1224","2.4.1.115","Transferases"
"1225","2.4.1.117","Transferases"
"1226","2.4.1.12","Transferases"
"1227","2.4.1.122","Transferases"
"1228","2.4.1.123","Transferases"
"1229","2.4.1.13","Transferases"
"1230","2.4.1.131","Transferases"
"1231","2.4.1.132","Transferases"
"1232","2.4.1.133","Transferases"
"1233","2.4.1.134","Transferases"
"1234","2.4.1.135","Transferases"
"1235","2.4.1.14","Transferases"
"1236","2.4.1.141","Transferases"
"1237","2.4.1.142","Transferases"
"1238","2.4.1.143","Transferases"
"1239","2.4.1.144","Transferases"
"1240","2.4.1.145","Transferases"
"1241","2.4.1.147","Transferases"
"1242","2.4.1.148","Transferases"
"1243","2.4.1.149","Transferases"
"1244","2.4.1.15","Transferases"
"1245","2.4.1.150","Transferases"
"1246","2.4.1.152","Transferases"
"1247","2.4.1.155","Transferases"
"1248","2.4.1.159","Transferases"
"1249","2.4.1.16","Transferases"
"1250","2.4.1.17","Transferases"
"1251","2.4.1.170","Transferases"
"1252","2.4.1.174","Transferases"
"1253","2.4.1.175","Transferases"
"1254","2.4.1.18","Transferases"
"1255","2.4.1.182","Transferases"
"1256","2.4.1.184","Transferases"
"1257","2.4.1.185","Transferases"
"1258","2.4.1.19","Transferases"
"1259","2.4.1.195","Transferases"
"1260","2.4.1.20","Transferases"
"1261","2.4.1.201","Transferases"
"1262","2.4.1.202","Transferases"
"1263","2.4.1.206","Transferases"
"1264","2.4.1.208","Transferases"
"1265","2.4.1.21","Transferases"
"1266","2.4.1.214","Transferases"
"1267","2.4.1.217","Transferases"
"1268","2.4.1.22","Transferases"
"1269","2.4.1.223","Transferases"
"1270","2.4.1.224","Transferases"
"1271","2.4.1.225","Transferases"
"1272","2.4.1.226","Transferases"
"1273","2.4.1.227","Transferases"
"1274","2.4.1.228","Transferases"
"1275","2.4.1.232","Transferases"
"1276","2.4.1.236","Transferases"
"1277","2.4.1.241","Transferases"
"1278","2.4.1.242","Transferases"
"1279","2.4.1.244","Transferases"
"1280","2.4.1.245","Transferases"
"1281","2.4.1.25","Transferases"
"1282","2.4.1.256","Transferases"
"1283","2.4.1.257","Transferases"
"1284","2.4.1.258","Transferases"
"1285","2.4.1.259","Transferases"
"1286","2.4.1.260","Transferases"
"1287","2.4.1.261","Transferases"
"1288","2.4.1.263","Transferases"
"1289","2.4.1.265","Transferases"
"1290","2.4.1.267","Transferases"
"1291","2.4.1.269","Transferases"
"1292","2.4.1.271","Transferases"
"1293","2.4.1.274","Transferases"
"1294","2.4.1.275","Transferases"
"1295","2.4.1.277","Transferases"
"1296","2.4.1.278","Transferases"
"1297","2.4.1.280","Transferases"
"1298","2.4.1.287","Transferases"
"1299","2.4.1.288","Transferases"
"1300","2.4.1.289","Transferases"
"1301","2.4.1.29","Transferases"
"1302","2.4.1.302","Transferases"
"1303","2.4.1.312","Transferases"
"1304","2.4.1.313","Transferases"
"1305","2.4.1.315","Transferases"
"1306","2.4.1.316","Transferases"
"1307","2.4.1.317","Transferases"
"1308","2.4.1.318","Transferases"
"1309","2.4.1.324","Transferases"
"1310","2.4.1.328","Transferases"
"1311","2.4.1.33","Transferases"
"1312","2.4.1.330","Transferases"
"1313","2.4.1.331","Transferases"
"1314","2.4.1.336","Transferases"
"1315","2.4.1.337","Transferases"
"1316","2.4.1.338","Transferases"
"1317","2.4.1.34","Transferases"
"1318","2.4.1.342","Transferases"
"1319","2.4.1.345","Transferases"
"1320","2.4.1.346","Transferases"
"1321","2.4.1.354","Transferases"
"1322","2.4.1.37","Transferases"
"1323","2.4.1.38","Transferases"
"1324","2.4.1.4","Transferases"
"1325","2.4.1.40","Transferases"
"1326","2.4.1.41","Transferases"
"1327","2.4.1.43","Transferases"
"1328","2.4.1.46","Transferases"
"1329","2.4.1.47","Transferases"
"1330","2.4.1.5","Transferases"
"1331","2.4.1.50","Transferases"
"1332","2.4.1.62","Transferases"
"1333","2.4.1.63","Transferases"
"1334","2.4.1.64","Transferases"
"1335","2.4.1.65","Transferases"
"1336","2.4.1.67","Transferases"
"1337","2.4.1.68","Transferases"
"1338","2.4.1.69","Transferases"
"1339","2.4.1.7","Transferases"
"1340","2.4.1.79","Transferases"
"1341","2.4.1.8","Transferases"
"1342","2.4.1.80","Transferases"
"1343","2.4.1.82","Transferases"
"1344","2.4.1.83","Transferases"
"1345","2.4.1.85","Transferases"
"1346","2.4.1.86","Transferases"
"1347","2.4.1.87","Transferases"
"1348","2.4.1.88","Transferases"
"1349","2.4.1.9","Transferases"
"1350","2.4.1.91","Transferases"
"1351","2.4.1.92","Transferases"
"1352","2.4.2.1","Transferases"
"1353","2.4.2.10","Transferases"
"1354","2.4.2.12","Transferases"
"1355","2.4.2.14","Transferases"
"1356","2.4.2.15","Transferases"
"1357","2.4.2.16","Transferases"
"1358","2.4.2.17","Transferases"
"1359","2.4.2.18","Transferases"
"1360","2.4.2.19","Transferases"
"1361","2.4.2.2","Transferases"
"1362","2.4.2.21","Transferases"
"1363","2.4.2.22","Transferases"
"1364","2.4.2.24","Transferases"
"1365","2.4.2.26","Transferases"
"1366","2.4.2.27","Transferases"
"1367","2.4.2.28","Transferases"
"1368","2.4.2.3","Transferases"
"1369","2.4.2.38","Transferases"
"1370","2.4.2.4","Transferases"
"1371","2.4.2.44","Transferases"
"1372","2.4.2.46","Transferases"
"1373","2.4.2.53","Transferases"
"1374","2.4.2.57","Transferases"
"1375","2.4.2.59","Transferases"
"1376","2.4.2.60","Transferases"
"1377","2.4.2.61","Transferases"
"1378","2.4.2.7","Transferases"
"1379","2.4.2.8","Transferases"
"1380","2.4.2.9","Transferases"
"1381","2.4.3.1","Transferases"
"1382","2.4.3.2","Transferases"
"1383","2.4.3.3","Transferases"
"1384","2.4.3.4","Transferases"
"1385","2.4.3.6","Transferases"
"1386","2.4.3.7","Transferases"
"1387","2.4.3.8","Transferases"
"1388","2.4.3.9","Transferases"
"1389","2.4.99.12","Transferases"
"1390","2.4.99.13","Transferases"
"1391","2.4.99.16","Transferases"
"1392","2.4.99.18","Transferases"
"1393","2.5.1.1","Transferases"
"1394","2.5.1.10","Transferases"
"1395","2.5.1.100","Transferases"
"1396","2.5.1.101","Transferases"
"1397","2.5.1.102","Transferases"
"1398","2.5.1.106","Transferases"
"1399","2.5.1.107","Transferases"
"1400","2.5.1.110","Transferases"
"1401","2.5.1.112","Transferases"
"1402","2.5.1.115","Transferases"
"1403","2.5.1.116","Transferases"
"1404","2.5.1.117","Transferases"
"1405","2.5.1.120","Transferases"
"1406","2.5.1.129","Transferases"
"1407","2.5.1.130","Transferases"
"1408","2.5.1.131","Transferases"
"1409","2.5.1.132","Transferases"
"1410","2.5.1.134","Transferases"
"1411","2.5.1.135","Transferases"
"1412","2.5.1.140","Transferases"
"1413","2.5.1.141","Transferases"
"1414","2.5.1.144","Transferases"
"1415","2.5.1.147","Transferases"
"1416","2.5.1.15","Transferases"
"1417","2.5.1.150","Transferases"
"1418","2.5.1.152","Transferases"
"1419","2.5.1.154","Transferases"
"1420","2.5.1.16","Transferases"
"1421","2.5.1.17","Transferases"
"1422","2.5.1.18","Transferases"
"1423","2.5.1.19","Transferases"
"1424","2.5.1.2","Transferases"
"1425","2.5.1.21","Transferases"
"1426","2.5.1.22","Transferases"
"1427","2.5.1.26","Transferases"
"1428","2.5.1.29","Transferases"
"1429","2.5.1.3","Transferases"
"1430","2.5.1.32","Transferases"
"1431","2.5.1.34","Transferases"
"1432","2.5.1.38","Transferases"
"1433","2.5.1.39","Transferases"
"1434","2.5.1.43","Transferases"
"1435","2.5.1.47","Transferases"
"1436","2.5.1.48","Transferases"
"1437","2.5.1.49","Transferases"
"1438","2.5.1.54","Transferases"
"1439","2.5.1.55","Transferases"
"1440","2.5.1.56","Transferases"
"1441","2.5.1.57","Transferases"
"1442","2.5.1.6","Transferases"
"1443","2.5.1.61","Transferases"
"1444","2.5.1.62","Transferases"
"1445","2.5.1.65","Transferases"
"1446","2.5.1.66","Transferases"
"1447","2.5.1.7","Transferases"
"1448","2.5.1.72","Transferases"
"1449","2.5.1.74","Transferases"
"1450","2.5.1.75","Transferases"
"1451","2.5.1.78","Transferases"
"1452","2.5.1.9","Transferases"
"1453","2.5.1.97","Transferases"
"1454","2.6.1.1","Transferases"
"1455","2.6.1.102","Transferases"
"1456","2.6.1.103","Transferases"
"1457","2.6.1.104","Transferases"
"1458","2.6.1.105","Transferases"
"1459","2.6.1.106","Transferases"
"1460","2.6.1.108","Transferases"
"1461","2.6.1.11","Transferases"
"1462","2.6.1.110","Transferases"
"1463","2.6.1.112","Transferases"
"1464","2.6.1.113","Transferases"
"1465","2.6.1.114","Transferases"
"1466","2.6.1.116","Transferases"
"1467","2.6.1.117","Transferases"
"1468","2.6.1.119","Transferases"
"1469","2.6.1.12","Transferases"
"1470","2.6.1.120","Transferases"
"1471","2.6.1.121","Transferases"
"1472","2.6.1.124","Transferases"
"1473","2.6.1.13","Transferases"
"1474","2.6.1.14","Transferases"
"1475","2.6.1.15","Transferases"
"1476","2.6.1.16","Transferases"
"1477","2.6.1.17","Transferases"
"1478","2.6.1.18","Transferases"
"1479","2.6.1.19","Transferases"
"1480","2.6.1.2","Transferases"
"1481","2.6.1.21","Transferases"
"1482","2.6.1.22","Transferases"
"1483","2.6.1.23","Transferases"
"1484","2.6.1.27","Transferases"
"1485","2.6.1.29","Transferases"
"1486","2.6.1.3","Transferases"
"1487","2.6.1.33","Transferases"
"1488","2.6.1.34","Transferases"
"1489","2.6.1.37","Transferases"
"1490","2.6.1.38","Transferases"
"1491","2.6.1.39","Transferases"
"1492","2.6.1.4","Transferases"
"1493","2.6.1.41","Transferases"
"1494","2.6.1.42","Transferases"
"1495","2.6.1.44","Transferases"
"1496","2.6.1.45","Transferases"
"1497","2.6.1.48","Transferases"
"1498","2.6.1.49","Transferases"
"1499","2.6.1.5","Transferases"
"1500","2.6.1.51","Transferases"
"1501","2.6.1.52","Transferases"
"1502","2.6.1.55","Transferases"
"1503","2.6.1.57","Transferases"
"1504","2.6.1.58","Transferases"
"1505","2.6.1.59","Transferases"
"1506","2.6.1.6","Transferases"
"1507","2.6.1.62","Transferases"
"1508","2.6.1.65","Transferases"
"1509","2.6.1.66","Transferases"
"1510","2.6.1.7","Transferases"
"1511","2.6.1.76","Transferases"
"1512","2.6.1.77","Transferases"
"1513","2.6.1.78","Transferases"
"1514","2.6.1.79","Transferases"
"1515","2.6.1.80","Transferases"
"1516","2.6.1.81","Transferases"
"1517","2.6.1.82","Transferases"
"1518","2.6.1.83","Transferases"
"1519","2.6.1.84","Transferases"
"1520","2.6.1.86","Transferases"
"1521","2.6.1.87","Transferases"
"1522","2.6.1.89","Transferases"
"1523","2.6.1.9","Transferases"
"1524","2.6.1.90","Transferases"
"1525","2.6.1.92","Transferases"
"1526","2.6.1.96","Transferases"
"1527","2.6.1.98","Transferases"
"1528","2.6.1.99","Transferases"
"1529","2.6.99.2","Transferases"
"1530","2.6.99.3","Transferases"
"1531","2.7.1.1","Transferases"
"1532","2.7.1.10","Transferases"
"1533","2.7.1.100","Transferases"
"1534","2.7.1.101","Transferases"
"1535","2.7.1.105","Transferases"
"1536","2.7.1.106","Transferases"
"1537","2.7.1.107","Transferases"
"1538","2.7.1.108","Transferases"
"1539","2.7.1.11","Transferases"
"1540","2.7.1.113","Transferases"
"1541","2.7.1.12","Transferases"
"1542","2.7.1.121","Transferases"
"1543","2.7.1.127","Transferases"
"1544","2.7.1.13","Transferases"
"1545","2.7.1.130","Transferases"
"1546","2.7.1.134","Transferases"
"1547","2.7.1.137","Transferases"
"1548","2.7.1.138","Transferases"
"1549","2.7.1.14","Transferases"
"1550","2.7.1.140","Transferases"
"1551","2.7.1.144","Transferases"
"1552","2.7.1.145","Transferases"
"1553","2.7.1.146","Transferases"
"1554","2.7.1.147","Transferases"
"1555","2.7.1.148","Transferases"
"1556","2.7.1.149","Transferases"
"1557","2.7.1.15","Transferases"
"1558","2.7.1.150","Transferases"
"1559","2.7.1.151","Transferases"
"1560","2.7.1.153","Transferases"
"1561","2.7.1.154","Transferases"
"1562","2.7.1.156","Transferases"
"1563","2.7.1.157","Transferases"
"1564","2.7.1.158","Transferases"
"1565","2.7.1.159","Transferases"
"1566","2.7.1.16","Transferases"
"1567","2.7.1.161","Transferases"
"1568","2.7.1.165","Transferases"
"1569","2.7.1.167","Transferases"
"1570","2.7.1.168","Transferases"
"1571","2.7.1.169","Transferases"
"1572","2.7.1.17","Transferases"
"1573","2.7.1.170","Transferases"
"1574","2.7.1.173","Transferases"
"1575","2.7.1.174","Transferases"
"1576","2.7.1.175","Transferases"
"1577","2.7.1.177","Transferases"
"1578","2.7.1.178","Transferases"
"1579","2.7.1.183","Transferases"
"1580","2.7.1.185","Transferases"
"1581","2.7.1.186","Transferases"
"1582","2.7.1.188","Transferases"
"1583","2.7.1.19","Transferases"
"1584","2.7.1.191","Transferases"
"1585","2.7.1.194","Transferases"
"1586","2.7.1.197","Transferases"
"1587","2.7.1.198","Transferases"
"1588","2.7.1.199","Transferases"
"1589","2.7.1.2","Transferases"
"1590","2.7.1.20","Transferases"
"1591","2.7.1.200","Transferases"
"1592","2.7.1.202","Transferases"
"1593","2.7.1.206","Transferases"
"1594","2.7.1.207","Transferases"
"1595","2.7.1.21","Transferases"
"1596","2.7.1.212","Transferases"
"1597","2.7.1.213","Transferases"
"1598","2.7.1.214","Transferases"
"1599","2.7.1.22","Transferases"
"1600","2.7.1.221","Transferases"
"1601","2.7.1.222","Transferases"
"1602","2.7.1.225","Transferases"
"1603","2.7.1.226","Transferases"
"1604","2.7.1.23","Transferases"
"1605","2.7.1.237","Transferases"
"1606","2.7.1.239","Transferases"
"1607","2.7.1.25","Transferases"
"1608","2.7.1.26","Transferases"
"1609","2.7.1.29","Transferases"
"1610","2.7.1.3","Transferases"
"1611","2.7.1.30","Transferases"
"1612","2.7.1.31","Transferases"
"1613","2.7.1.32","Transferases"
"1614","2.7.1.33","Transferases"
"1615","2.7.1.35","Transferases"
"1616","2.7.1.36","Transferases"
"1617","2.7.1.39","Transferases"
"1618","2.7.1.4","Transferases"
"1619","2.7.1.40","Transferases"
"1620","2.7.1.41","Transferases"
"1621","2.7.1.42","Transferases"
"1622","2.7.1.43","Transferases"
"1623","2.7.1.44","Transferases"
"1624","2.7.1.45","Transferases"
"1625","2.7.1.46","Transferases"
"1626","2.7.1.47","Transferases"
"1627","2.7.1.48","Transferases"
"1628","2.7.1.49","Transferases"
"1629","2.7.1.5","Transferases"
"1630","2.7.1.50","Transferases"
"1631","2.7.1.51","Transferases"
"1632","2.7.1.52","Transferases"
"1633","2.7.1.53","Transferases"
"1634","2.7.1.55","Transferases"
"1635","2.7.1.56","Transferases"
"1636","2.7.1.58","Transferases"
"1637","2.7.1.59","Transferases"
"1638","2.7.1.6","Transferases"
"1639","2.7.1.60","Transferases"
"1640","2.7.1.63","Transferases"
"1641","2.7.1.64","Transferases"
"1642","2.7.1.67","Transferases"
"1643","2.7.1.68","Transferases"
"1644","2.7.1.7","Transferases"
"1645","2.7.1.71","Transferases"
"1646","2.7.1.72","Transferases"
"1647","2.7.1.73","Transferases"
"1648","2.7.1.74","Transferases"
"1649","2.7.1.76","Transferases"
"1650","2.7.1.8","Transferases"
"1651","2.7.1.81","Transferases"
"1652","2.7.1.82","Transferases"
"1653","2.7.1.83","Transferases"
"1654","2.7.1.89","Transferases"
"1655","2.7.1.90","Transferases"
"1656","2.7.1.91","Transferases"
"1657","2.7.1.92","Transferases"
"1658","2.7.1.94","Transferases"
"1659","2.7.2.1","Transferases"
"1660","2.7.2.11","Transferases"
"1661","2.7.2.12","Transferases"
"1662","2.7.2.15","Transferases"
"1663","2.7.2.17","Transferases"
"1664","2.7.2.2","Transferases"
"1665","2.7.2.3","Transferases"
"1666","2.7.2.4","Transferases"
"1667","2.7.2.6","Transferases"
"1668","2.7.2.7","Transferases"
"1669","2.7.2.8","Transferases"
"1670","2.7.3.1","Transferases"
"1671","2.7.3.2","Transferases"
"1672","2.7.3.5","Transferases"
"1673","2.7.4.11","Transferases"
"1674","2.7.4.14","Transferases"
"1675","2.7.4.15","Transferases"
"1676","2.7.4.16","Transferases"
"1677","2.7.4.2","Transferases"
"1678","2.7.4.22","Transferases"
"1679","2.7.4.23","Transferases"
"1680","2.7.4.25","Transferases"
"1681","2.7.4.26","Transferases"
"1682","2.7.4.3","Transferases"
"1683","2.7.4.31","Transferases"
"1684","2.7.4.6","Transferases"
"1685","2.7.4.7","Transferases"
"1686","2.7.4.8","Transferases"
"1687","2.7.4.9","Transferases"
"1688","2.7.6.1","Transferases"
"1689","2.7.6.2","Transferases"
"1690","2.7.6.3","Transferases"
"1691","2.7.6.5","Transferases"
"1692","2.7.7.1","Transferases"
"1693","2.7.7.10","Transferases"
"1694","2.7.7.104","Transferases"
"1695","2.7.7.105","Transferases"
"1696","2.7.7.107","Transferases"
"1697","2.7.7.12","Transferases"
"1698","2.7.7.13","Transferases"
"1699","2.7.7.14","Transferases"
"1700","2.7.7.15","Transferases"
"1701","2.7.7.18","Transferases"
"1702","2.7.7.2","Transferases"
"1703","2.7.7.22","Transferases"
"1704","2.7.7.23","Transferases"
"1705","2.7.7.24","Transferases"
"1706","2.7.7.27","Transferases"
"1707","2.7.7.3","Transferases"
"1708","2.7.7.30","Transferases"
"1709","2.7.7.33","Transferases"
"1710","2.7.7.34","Transferases"
"1711","2.7.7.38","Transferases"
"1712","2.7.7.4","Transferases"
"1713","2.7.7.40","Transferases"
"1714","2.7.7.41","Transferases"
"1715","2.7.7.43","Transferases"
"1716","2.7.7.44","Transferases"
"1717","2.7.7.5","Transferases"
"1718","2.7.7.53","Transferases"
"1719","2.7.7.60","Transferases"
"1720","2.7.7.62","Transferases"
"1721","2.7.7.64","Transferases"
"1722","2.7.7.68","Transferases"
"1723","2.7.7.69","Transferases"
"1724","2.7.7.70","Transferases"
"1725","2.7.7.71","Transferases"
"1726","2.7.7.73","Transferases"
"1727","2.7.7.74","Transferases"
"1728","2.7.7.75","Transferases"
"1729","2.7.7.76","Transferases"
"1730","2.7.7.77","Transferases"
"1731","2.7.7.81","Transferases"
"1732","2.7.7.82","Transferases"
"1733","2.7.7.83","Transferases"
"1734","2.7.7.9","Transferases"
"1735","2.7.7.91","Transferases"
"1736","2.7.7.92","Transferases"
"1737","2.7.7.99","Transferases"
"1738","2.7.8.1","Transferases"
"1739","2.7.8.11","Transferases"
"1740","2.7.8.13","Transferases"
"1741","2.7.8.15","Transferases"
"1742","2.7.8.2","Transferases"
"1743","2.7.8.20","Transferases"
"1744","2.7.8.22","Transferases"
"1745","2.7.8.26","Transferases"
"1746","2.7.8.27","Transferases"
"1747","2.7.8.28","Transferases"
"1748","2.7.8.29","Transferases"
"1749","2.7.8.3","Transferases"
"1750","2.7.8.34","Transferases"
"1751","2.7.8.35","Transferases"
"1752","2.7.8.37","Transferases"
"1753","2.7.8.41","Transferases"
"1754","2.7.8.43","Transferases"
"1755","2.7.8.5","Transferases"
"1756","2.7.8.7","Transferases"
"1757","2.7.8.8","Transferases"
"1758","2.7.9.1","Transferases"
"1759","2.7.9.2","Transferases"
"1760","2.7.9.3","Transferases"
"1761","2.8.1.1","Transferases"
"1762","2.8.1.10","Transferases"
"1763","2.8.1.12","Transferases"
"1764","2.8.1.16","Transferases"
"1765","2.8.1.2","Transferases"
"1766","2.8.1.3","Transferases"
"1767","2.8.1.4","Transferases"
"1768","2.8.1.5","Transferases"
"1769","2.8.1.6","Transferases"
"1770","2.8.1.7","Transferases"
"1771","2.8.1.8","Transferases"
"1772","2.8.1.9","Transferases"
"1773","2.8.2.11","Transferases"
"1774","2.8.2.2","Transferases"
"1775","2.8.2.24","Transferases"
"1776","2.8.2.4","Transferases"
"1777","2.8.3.1","Transferases"
"1778","2.8.3.11","Transferases"
"1779","2.8.3.12","Transferases"
"1780","2.8.3.15","Transferases"
"1781","2.8.3.18","Transferases"
"1782","2.8.3.2","Transferases"
"1783","2.8.3.22","Transferases"
"1784","2.8.3.26","Transferases"
"1785","2.8.3.27","Transferases"
"1786","2.8.3.5","Transferases"
"1787","2.8.3.6","Transferases"
"1788","2.8.3.8","Transferases"
"1789","2.8.3.9","Transferases"
"1790","2.8.4.1","Transferases"
"1791","2.8.4.6","Transferases"
"1792","2.8.5.1","Transferases"
"1793","2.9.1.1","Transferases"
"1794","2.9.1.2","Transferases"
"1795","3.1.1.101","Hydrolases"
"1796","3.1.1.102","Hydrolases"
"1797","3.1.1.105","Hydrolases"
"1798","3.1.1.11","Hydrolases"
"1799","3.1.1.110","Hydrolases"
"1800","3.1.1.114","Hydrolases"
"1801","3.1.1.120","Hydrolases"
"1802","3.1.1.14","Hydrolases"
"1803","3.1.1.15","Hydrolases"
"1804","3.1.1.17","Hydrolases"
"1805","3.1.1.19","Hydrolases"
"1806","3.1.1.2","Hydrolases"
"1807","3.1.1.22","Hydrolases"
"1808","3.1.1.23","Hydrolases"
"1809","3.1.1.24","Hydrolases"
"1810","3.1.1.25","Hydrolases"
"1811","3.1.1.3","Hydrolases"
"1812","3.1.1.30","Hydrolases"
"1813","3.1.1.31","Hydrolases"
"1814","3.1.1.32","Hydrolases"
"1815","3.1.1.4","Hydrolases"
"1816","3.1.1.45","Hydrolases"
"1817","3.1.1.47","Hydrolases"
"1818","3.1.1.57","Hydrolases"
"1819","3.1.1.64","Hydrolases"
"1820","3.1.1.65","Hydrolases"
"1821","3.1.1.68","Hydrolases"
"1822","3.1.1.75","Hydrolases"
"1823","3.1.1.84","Hydrolases"
"1824","3.1.1.85","Hydrolases"
"1825","3.1.1.94","Hydrolases"
"1826","3.1.2.1","Hydrolases"
"1827","3.1.2.10","Hydrolases"
"1828","3.1.2.11","Hydrolases"
"1829","3.1.2.12","Hydrolases"
"1830","3.1.2.14","Hydrolases"
"1831","3.1.2.17","Hydrolases"
"1832","3.1.2.21","Hydrolases"
"1833","3.1.2.22","Hydrolases"
"1834","3.1.2.23","Hydrolases"
"1835","3.1.2.25","Hydrolases"
"1836","3.1.2.27","Hydrolases"
"1837","3.1.2.28","Hydrolases"
"1838","3.1.2.30","Hydrolases"
"1839","3.1.2.31","Hydrolases"
"1840","3.1.2.4","Hydrolases"
"1841","3.1.2.6","Hydrolases"
"1842","3.1.3.1","Hydrolases"
"1843","3.1.3.100","Hydrolases"
"1844","3.1.3.101","Hydrolases"
"1845","3.1.3.102","Hydrolases"
"1846","3.1.3.103","Hydrolases"
"1847","3.1.3.104","Hydrolases"
"1848","3.1.3.105","Hydrolases"
"1849","3.1.3.106","Hydrolases"
"1850","3.1.3.109","Hydrolases"
"1851","3.1.3.11","Hydrolases"
"1852","3.1.3.12","Hydrolases"
"1853","3.1.3.15","Hydrolases"
"1854","3.1.3.18","Hydrolases"
"1855","3.1.3.2","Hydrolases"
"1856","3.1.3.21","Hydrolases"
"1857","3.1.3.22","Hydrolases"
"1858","3.1.3.24","Hydrolases"
"1859","3.1.3.25","Hydrolases"
"1860","3.1.3.26","Hydrolases"
"1861","3.1.3.27","Hydrolases"
"1862","3.1.3.29","Hydrolases"
"1863","3.1.3.3","Hydrolases"
"1864","3.1.3.36","Hydrolases"
"1865","3.1.3.37","Hydrolases"
"1866","3.1.3.38","Hydrolases"
"1867","3.1.3.39","Hydrolases"
"1868","3.1.3.4","Hydrolases"
"1869","3.1.3.45","Hydrolases"
"1870","3.1.3.46","Hydrolases"
"1871","3.1.3.5","Hydrolases"
"1872","3.1.3.51","Hydrolases"
"1873","3.1.3.54","Hydrolases"
"1874","3.1.3.56","Hydrolases"
"1875","3.1.3.57","Hydrolases"
"1876","3.1.3.59","Hydrolases"
"1877","3.1.3.6","Hydrolases"
"1878","3.1.3.62","Hydrolases"
"1879","3.1.3.64","Hydrolases"
"1880","3.1.3.66","Hydrolases"
"1881","3.1.3.67","Hydrolases"
"1882","3.1.3.7","Hydrolases"
"1883","3.1.3.70","Hydrolases"
"1884","3.1.3.71","Hydrolases"
"1885","3.1.3.73","Hydrolases"
"1886","3.1.3.74","Hydrolases"
"1887","3.1.3.75","Hydrolases"
"1888","3.1.3.77","Hydrolases"
"1889","3.1.3.8","Hydrolases"
"1890","3.1.3.80","Hydrolases"
"1891","3.1.3.82","Hydrolases"
"1892","3.1.3.83","Hydrolases"
"1893","3.1.3.86","Hydrolases"
"1894","3.1.3.87","Hydrolases"
"1895","3.1.3.89","Hydrolases"
"1896","3.1.3.9","Hydrolases"
"1897","3.1.3.90","Hydrolases"
"1898","3.1.3.91","Hydrolases"
"1899","3.1.3.92","Hydrolases"
"1900","3.1.3.93","Hydrolases"
"1901","3.1.3.95","Hydrolases"
"1902","3.1.3.99","Hydrolases"
"1903","3.1.4.11","Hydrolases"
"1904","3.1.4.12","Hydrolases"
"1905","3.1.4.14","Hydrolases"
"1906","3.1.4.16","Hydrolases"
"1907","3.1.4.17","Hydrolases"
"1908","3.1.4.3","Hydrolases"
"1909","3.1.4.35","Hydrolases"
"1910","3.1.4.39","Hydrolases"
"1911","3.1.4.4","Hydrolases"
"1912","3.1.4.41","Hydrolases"
"1913","3.1.4.48","Hydrolases"
"1914","3.1.4.50","Hydrolases"
"1915","3.1.4.53","Hydrolases"
"1916","3.1.4.55","Hydrolases"
"1917","3.1.4.56","Hydrolases"
"1918","3.1.5.1","Hydrolases"
"1919","3.1.6.1","Hydrolases"
"1920","3.1.6.12","Hydrolases"
"1921","3.1.6.13","Hydrolases"
"1922","3.1.6.14","Hydrolases"
"1923","3.1.6.18","Hydrolases"
"1924","3.1.6.2","Hydrolases"
"1925","3.1.6.4","Hydrolases"
"1926","3.1.6.8","Hydrolases"
"1927","3.1.7.11","Hydrolases"
"1928","3.1.7.2","Hydrolases"
"1929","3.1.7.3","Hydrolases"
"1930","3.10.1.1","Hydrolases"
"1931","3.11.1.1","Hydrolases"
"1932","3.11.1.2","Hydrolases"
"1933","3.11.1.3","Hydrolases"
"1934","3.12.1.1","Hydrolases"
"1935","3.13.1.1","Hydrolases"
"1936","3.13.1.9","Hydrolases"
"1937","3.13.2.1","Hydrolases"
"1938","3.2.1.1","Hydrolases"
"1939","3.2.1.10","Hydrolases"
"1940","3.2.1.103","Hydrolases"
"1941","3.2.1.105","Hydrolases"
"1942","3.2.1.106","Hydrolases"
"1943","3.2.1.108","Hydrolases"
"1944","3.2.1.11","Hydrolases"
"1945","3.2.1.113","Hydrolases"
"1946","3.2.1.114","Hydrolases"
"1947","3.2.1.117","Hydrolases"
"1948","3.2.1.118","Hydrolases"
"1949","3.2.1.122","Hydrolases"
"1950","3.2.1.132","Hydrolases"
"1951","3.2.1.133","Hydrolases"
"1952","3.2.1.137","Hydrolases"
"1953","3.2.1.14","Hydrolases"
"1954","3.2.1.141","Hydrolases"
"1955","3.2.1.144","Hydrolases"
"1956","3.2.1.147","Hydrolases"
"1957","3.2.1.15","Hydrolases"
"1958","3.2.1.165","Hydrolases"
"1959","3.2.1.166","Hydrolases"
"1960","3.2.1.18","Hydrolases"
"1961","3.2.1.183","Hydrolases"
"1962","3.2.1.184","Hydrolases"
"1963","3.2.1.2","Hydrolases"
"1964","3.2.1.20","Hydrolases"
"1965","3.2.1.207","Hydrolases"
"1966","3.2.1.209","Hydrolases"
"1967","3.2.1.21","Hydrolases"
"1968","3.2.1.22","Hydrolases"
"1969","3.2.1.23","Hydrolases"
"1970","3.2.1.26","Hydrolases"
"1971","3.2.1.28","Hydrolases"
"1972","3.2.1.3","Hydrolases"
"1973","3.2.1.31","Hydrolases"
"1974","3.2.1.35","Hydrolases"
"1975","3.2.1.37","Hydrolases"
"1976","3.2.1.39","Hydrolases"
"1977","3.2.1.4","Hydrolases"
"1978","3.2.1.40","Hydrolases"
"1979","3.2.1.45","Hydrolases"
"1980","3.2.1.46","Hydrolases"
"1981","3.2.1.48","Hydrolases"
"1982","3.2.1.49","Hydrolases"
"1983","3.2.1.50","Hydrolases"
"1984","3.2.1.52","Hydrolases"
"1985","3.2.1.54","Hydrolases"
"1986","3.2.1.55","Hydrolases"
"1987","3.2.1.58","Hydrolases"
"1988","3.2.1.67","Hydrolases"
"1989","3.2.1.68","Hydrolases"
"1990","3.2.1.74","Hydrolases"
"1991","3.2.1.76","Hydrolases"
"1992","3.2.1.77","Hydrolases"
"1993","3.2.1.78","Hydrolases"
"1994","3.2.1.85","Hydrolases"
"1995","3.2.1.91","Hydrolases"
"1996","3.2.1.93","Hydrolases"
"1997","3.2.2.1","Hydrolases"
"1998","3.2.2.10","Hydrolases"
"1999","3.2.2.16","Hydrolases"
"2000","3.2.2.2","Hydrolases"
"2001","3.2.2.25","Hydrolases"
"2002","3.2.2.26","Hydrolases"
"2003","3.2.2.3","Hydrolases"
"2004","3.2.2.30","Hydrolases"
"2005","3.2.2.4","Hydrolases"
"2006","3.2.2.5","Hydrolases"
"2007","3.2.2.6","Hydrolases"
"2008","3.2.2.7","Hydrolases"
"2009","3.2.2.8","Hydrolases"
"2010","3.2.2.9","Hydrolases"
"2011","3.3.2.10","Hydrolases"
"2012","3.3.2.12","Hydrolases"
"2013","3.3.2.15","Hydrolases"
"2014","3.3.2.2","Hydrolases"
"2015","3.3.2.6","Hydrolases"
"2016","3.4.11.1","Hydrolases"
"2017","3.4.11.2","Hydrolases"
"2018","3.4.11.23","Hydrolases"
"2019","3.4.11.5","Hydrolases"
"2020","3.4.13.18","Hydrolases"
"2021","3.4.13.20","Hydrolases"
"2022","3.4.13.4","Hydrolases"
"2023","3.4.13.5","Hydrolases"
"2024","3.4.17.21","Hydrolases"
"2025","3.4.19.13","Hydrolases"
"2026","3.4.19.14","Hydrolases"
"2027","3.5.1.1","Hydrolases"
"2028","3.5.1.10","Hydrolases"
"2029","3.5.1.102","Hydrolases"
"2030","3.5.1.106","Hydrolases"
"2031","3.5.1.107","Hydrolases"
"2032","3.5.1.108","Hydrolases"
"2033","3.5.1.110","Hydrolases"
"2034","3.5.1.111","Hydrolases"
"2035","3.5.1.116","Hydrolases"
"2036","3.5.1.118","Hydrolases"
"2037","3.5.1.12","Hydrolases"
"2038","3.5.1.125","Hydrolases"
"2039","3.5.1.126","Hydrolases"
"2040","3.5.1.130","Hydrolases"
"2041","3.5.1.131","Hydrolases"
"2042","3.5.1.132","Hydrolases"
"2043","3.5.1.14","Hydrolases"
"2044","3.5.1.15","Hydrolases"
"2045","3.5.1.16","Hydrolases"
"2046","3.5.1.17","Hydrolases"
"2047","3.5.1.18","Hydrolases"
"2048","3.5.1.19","Hydrolases"
"2049","3.5.1.2","Hydrolases"
"2050","3.5.1.22","Hydrolases"
"2051","3.5.1.23","Hydrolases"
"2052","3.5.1.24","Hydrolases"
"2053","3.5.1.25","Hydrolases"
"2054","3.5.1.3","Hydrolases"
"2055","3.5.1.30","Hydrolases"
"2056","3.5.1.33","Hydrolases"
"2057","3.5.1.35","Hydrolases"
"2058","3.5.1.38","Hydrolases"
"2059","3.5.1.4","Hydrolases"
"2060","3.5.1.41","Hydrolases"
"2061","3.5.1.42","Hydrolases"
"2062","3.5.1.47","Hydrolases"
"2063","3.5.1.49","Hydrolases"
"2064","3.5.1.5","Hydrolases"
"2065","3.5.1.53","Hydrolases"
"2066","3.5.1.54","Hydrolases"
"2067","3.5.1.56","Hydrolases"
"2068","3.5.1.59","Hydrolases"
"2069","3.5.1.6","Hydrolases"
"2070","3.5.1.62","Hydrolases"
"2071","3.5.1.63","Hydrolases"
"2072","3.5.1.68","Hydrolases"
"2073","3.5.1.7","Hydrolases"
"2074","3.5.1.78","Hydrolases"
"2075","3.5.1.8","Hydrolases"
"2076","3.5.1.84","Hydrolases"
"2077","3.5.1.89","Hydrolases"
"2078","3.5.1.9","Hydrolases"
"2079","3.5.1.90","Hydrolases"
"2080","3.5.1.92","Hydrolases"
"2081","3.5.1.94","Hydrolases"
"2082","3.5.1.95","Hydrolases"
"2083","3.5.1.96","Hydrolases"
"2084","3.5.2.1","Hydrolases"
"2085","3.5.2.10","Hydrolases"
"2086","3.5.2.14","Hydrolases"
"2087","3.5.2.15","Hydrolases"
"2088","3.5.2.17","Hydrolases"
"2089","3.5.2.2","Hydrolases"
"2090","3.5.2.3","Hydrolases"
"2091","3.5.2.5","Hydrolases"
"2092","3.5.2.7","Hydrolases"
"2093","3.5.2.9","Hydrolases"
"2094","3.5.3.1","Hydrolases"
"2095","3.5.3.10","Hydrolases"
"2096","3.5.3.11","Hydrolases"
"2097","3.5.3.12","Hydrolases"
"2098","3.5.3.13","Hydrolases"
"2099","3.5.3.22","Hydrolases"
"2100","3.5.3.23","Hydrolases"
"2101","3.5.3.25","Hydrolases"
"2102","3.5.3.26","Hydrolases"
"2103","3.5.3.3","Hydrolases"
"2104","3.5.3.4","Hydrolases"
"2105","3.5.3.5","Hydrolases"
"2106","3.5.3.6","Hydrolases"
"2107","3.5.3.7","Hydrolases"
"2108","3.5.3.8","Hydrolases"
"2109","3.5.3.9","Hydrolases"
"2110","3.5.4.1","Hydrolases"
"2111","3.5.4.10","Hydrolases"
"2112","3.5.4.12","Hydrolases"
"2113","3.5.4.13","Hydrolases"
"2114","3.5.4.16","Hydrolases"
"2115","3.5.4.19","Hydrolases"
"2116","3.5.4.2","Hydrolases"
"2117","3.5.4.21","Hydrolases"
"2118","3.5.4.22","Hydrolases"
"2119","3.5.4.25","Hydrolases"
"2120","3.5.4.26","Hydrolases"
"2121","3.5.4.27","Hydrolases"
"2122","3.5.4.28","Hydrolases"
"2123","3.5.4.29","Hydrolases"
"2124","3.5.4.3","Hydrolases"
"2125","3.5.4.30","Hydrolases"
"2126","3.5.4.31","Hydrolases"
"2127","3.5.4.39","Hydrolases"
"2128","3.5.4.4","Hydrolases"
"2129","3.5.4.40","Hydrolases"
"2130","3.5.4.42","Hydrolases"
"2131","3.5.4.43","Hydrolases"
"2132","3.5.4.44","Hydrolases"
"2133","3.5.4.5","Hydrolases"
"2134","3.5.4.6","Hydrolases"
"2135","3.5.4.8","Hydrolases"
"2136","3.5.4.9","Hydrolases"
"2137","3.5.5.1","Hydrolases"
"2138","3.5.5.4","Hydrolases"
"2139","3.5.99.2","Hydrolases"
"2140","3.5.99.5","Hydrolases"
"2141","3.5.99.6","Hydrolases"
"2142","3.5.99.7","Hydrolases"
"2143","3.6.1.11","Hydrolases"
"2144","3.6.1.12","Hydrolases"
"2145","3.6.1.13","Hydrolases"
"2146","3.6.1.14","Hydrolases"
"2147","3.6.1.15","Hydrolases"
"2148","3.6.1.17","Hydrolases"
"2149","3.6.1.18","Hydrolases"
"2150","3.6.1.21","Hydrolases"
"2151","3.6.1.22","Hydrolases"
"2152","3.6.1.23","Hydrolases"
"2153","3.6.1.28","Hydrolases"
"2154","3.6.1.29","Hydrolases"
"2155","3.6.1.31","Hydrolases"
"2156","3.6.1.39","Hydrolases"
"2157","3.6.1.40","Hydrolases"
"2158","3.6.1.41","Hydrolases"
"2159","3.6.1.43","Hydrolases"
"2160","3.6.1.5","Hydrolases"
"2161","3.6.1.54","Hydrolases"
"2162","3.6.1.57","Hydrolases"
"2163","3.6.1.6","Hydrolases"
"2164","3.6.1.61","Hydrolases"
"2165","3.6.1.63","Hydrolases"
"2166","3.6.1.64","Hydrolases"
"2167","3.6.1.65","Hydrolases"
"2168","3.6.1.66","Hydrolases"
"2169","3.6.1.67","Hydrolases"
"2170","3.6.1.7","Hydrolases"
"2171","3.6.1.73","Hydrolases"
"2172","3.6.1.8","Hydrolases"
"2173","3.6.1.9","Hydrolases"
"2174","3.6.2.1","Hydrolases"
"2175","3.6.2.2","Hydrolases"
"2176","3.7.1.12","Hydrolases"
"2177","3.7.1.13","Hydrolases"
"2178","3.7.1.14","Hydrolases"
"2179","3.7.1.19","Hydrolases"
"2180","3.7.1.2","Hydrolases"
"2181","3.7.1.20","Hydrolases"
"2182","3.7.1.21","Hydrolases"
"2183","3.7.1.22","Hydrolases"
"2184","3.7.1.23","Hydrolases"
"2185","3.7.1.25","Hydrolases"
"2186","3.7.1.26","Hydrolases"
"2187","3.7.1.3","Hydrolases"
"2188","3.7.1.4","Hydrolases"
"2189","3.7.1.5","Hydrolases"
"2190","3.7.1.8","Hydrolases"
"2191","3.7.1.9","Hydrolases"
"2192","3.8.1.2","Hydrolases"
"2193","3.8.1.3","Hydrolases"
"2194","3.8.1.5","Hydrolases"
"2195","3.8.1.7","Hydrolases"
"2196","3.8.1.8","Hydrolases"
"2197","4.1.1.1","Lyases"
"2198","4.1.1.100","Lyases"
"2199","4.1.1.101","Lyases"
"2200","4.1.1.105","Lyases"
"2201","4.1.1.107","Lyases"
"2202","4.1.1.108","Lyases"
"2203","4.1.1.109","Lyases"
"2204","4.1.1.11","Lyases"
"2205","4.1.1.110","Lyases"
"2206","4.1.1.111","Lyases"
"2207","4.1.1.112","Lyases"
"2208","4.1.1.113","Lyases"
"2209","4.1.1.116","Lyases"
"2210","4.1.1.117","Lyases"
"2211","4.1.1.12","Lyases"
"2212","4.1.1.15","Lyases"
"2213","4.1.1.17","Lyases"
"2214","4.1.1.18","Lyases"
"2215","4.1.1.19","Lyases"
"2216","4.1.1.2","Lyases"
"2217","4.1.1.20","Lyases"
"2218","4.1.1.21","Lyases"
"2219","4.1.1.22","Lyases"
"2220","4.1.1.23","Lyases"
"2221","4.1.1.25","Lyases"
"2222","4.1.1.28","Lyases"
"2223","4.1.1.29","Lyases"
"2224","4.1.1.31","Lyases"
"2225","4.1.1.32","Lyases"
"2226","4.1.1.33","Lyases"
"2227","4.1.1.34","Lyases"
"2228","4.1.1.35","Lyases"
"2229","4.1.1.36","Lyases"
"2230","4.1.1.37","Lyases"
"2231","4.1.1.38","Lyases"
"2232","4.1.1.39","Lyases"
"2233","4.1.1.4","Lyases"
"2234","4.1.1.40","Lyases"
"2235","4.1.1.43","Lyases"
"2236","4.1.1.44","Lyases"
"2237","4.1.1.45","Lyases"
"2238","4.1.1.47","Lyases"
"2239","4.1.1.48","Lyases"
"2240","4.1.1.49","Lyases"
"2241","4.1.1.50","Lyases"
"2242","4.1.1.53","Lyases"
"2243","4.1.1.54","Lyases"
"2244","4.1.1.55","Lyases"
"2245","4.1.1.6","Lyases"
"2246","4.1.1.62","Lyases"
"2247","4.1.1.65","Lyases"
"2248","4.1.1.67","Lyases"
"2249","4.1.1.68","Lyases"
"2250","4.1.1.69","Lyases"
"2251","4.1.1.74","Lyases"
"2252","4.1.1.75","Lyases"
"2253","4.1.1.77","Lyases"
"2254","4.1.1.79","Lyases"
"2255","4.1.1.8","Lyases"
"2256","4.1.1.81","Lyases"
"2257","4.1.1.82","Lyases"
"2258","4.1.1.85","Lyases"
"2259","4.1.1.86","Lyases"
"2260","4.1.1.9","Lyases"
"2261","4.1.1.90","Lyases"
"2262","4.1.1.96","Lyases"
"2263","4.1.1.97","Lyases"
"2264","4.1.1.98","Lyases"
"2265","4.1.1.99","Lyases"
"2266","4.1.2.10","Lyases"
"2267","4.1.2.11","Lyases"
"2268","4.1.2.13","Lyases"
"2269","4.1.2.14","Lyases"
"2270","4.1.2.17","Lyases"
"2271","4.1.2.19","Lyases"
"2272","4.1.2.20","Lyases"
"2273","4.1.2.21","Lyases"
"2274","4.1.2.22","Lyases"
"2275","4.1.2.25","Lyases"
"2276","4.1.2.27","Lyases"
"2277","4.1.2.28","Lyases"
"2278","4.1.2.29","Lyases"
"2279","4.1.2.32","Lyases"
"2280","4.1.2.36","Lyases"
"2281","4.1.2.4","Lyases"
"2282","4.1.2.40","Lyases"
"2283","4.1.2.42","Lyases"
"2284","4.1.2.43","Lyases"
"2285","4.1.2.45","Lyases"
"2286","4.1.2.46","Lyases"
"2287","4.1.2.47","Lyases"
"2288","4.1.2.48","Lyases"
"2289","4.1.2.49","Lyases"
"2290","4.1.2.50","Lyases"
"2291","4.1.2.51","Lyases"
"2292","4.1.2.52","Lyases"
"2293","4.1.2.53","Lyases"
"2294","4.1.2.54","Lyases"
"2295","4.1.2.55","Lyases"
"2296","4.1.2.56","Lyases"
"2297","4.1.2.59","Lyases"
"2298","4.1.2.60","Lyases"
"2299","4.1.2.61","Lyases"
"2300","4.1.2.8","Lyases"
"2301","4.1.2.9","Lyases"
"2302","4.1.3.1","Lyases"
"2303","4.1.3.16","Lyases"
"2304","4.1.3.17","Lyases"
"2305","4.1.3.22","Lyases"
"2306","4.1.3.24","Lyases"
"2307","4.1.3.25","Lyases"
"2308","4.1.3.27","Lyases"
"2309","4.1.3.3","Lyases"
"2310","4.1.3.30","Lyases"
"2311","4.1.3.34","Lyases"
"2312","4.1.3.36","Lyases"
"2313","4.1.3.39","Lyases"
"2314","4.1.3.4","Lyases"
"2315","4.1.3.40","Lyases"
"2316","4.1.3.42","Lyases"
"2317","4.1.3.43","Lyases"
"2318","4.1.99.1","Lyases"
"2319","4.1.99.11","Lyases"
"2320","4.1.99.12","Lyases"
"2321","4.1.99.17","Lyases"
"2322","4.1.99.19","Lyases"
"2323","4.1.99.20","Lyases"
"2324","4.1.99.22","Lyases"
"2325","4.1.99.23","Lyases"
"2326","4.2.1.1","Lyases"
"2327","4.2.1.10","Lyases"
"2328","4.2.1.100","Lyases"
"2329","4.2.1.104","Lyases"
"2330","4.2.1.105","Lyases"
"2331","4.2.1.107","Lyases"
"2332","4.2.1.108","Lyases"
"2333","4.2.1.109","Lyases"
"2334","4.2.1.11","Lyases"
"2335","4.2.1.113","Lyases"
"2336","4.2.1.114","Lyases"
"2337","4.2.1.115","Lyases"
"2338","4.2.1.117","Lyases"
"2339","4.2.1.118","Lyases"
"2340","4.2.1.119","Lyases"
"2341","4.2.1.12","Lyases"
"2342","4.2.1.120","Lyases"
"2343","4.2.1.126","Lyases"
"2344","4.2.1.130","Lyases"
"2345","4.2.1.131","Lyases"
"2346","4.2.1.132","Lyases"
"2347","4.2.1.134","Lyases"
"2348","4.2.1.135","Lyases"
"2349","4.2.1.139","Lyases"
"2350","4.2.1.140","Lyases"
"2351","4.2.1.141","Lyases"
"2352","4.2.1.142","Lyases"
"2353","4.2.1.143","Lyases"
"2354","4.2.1.146","Lyases"
"2355","4.2.1.147","Lyases"
"2356","4.2.1.148","Lyases"
"2357","4.2.1.151","Lyases"
"2358","4.2.1.153","Lyases"
"2359","4.2.1.154","Lyases"
"2360","4.2.1.155","Lyases"
"2361","4.2.1.159","Lyases"
"2362","4.2.1.160","Lyases"
"2363","4.2.1.161","Lyases"
"2364","4.2.1.164","Lyases"
"2365","4.2.1.168","Lyases"
"2366","4.2.1.17","Lyases"
"2367","4.2.1.172","Lyases"
"2368","4.2.1.176","Lyases"
"2369","4.2.1.18","Lyases"
"2370","4.2.1.180","Lyases"
"2371","4.2.1.19","Lyases"
"2372","4.2.1.2","Lyases"
"2373","4.2.1.20","Lyases"
"2374","4.2.1.22","Lyases"
"2375","4.2.1.24","Lyases"
"2376","4.2.1.25","Lyases"
"2377","4.2.1.27","Lyases"
"2378","4.2.1.28","Lyases"
"2379","4.2.1.3","Lyases"
"2380","4.2.1.31","Lyases"
"2381","4.2.1.32","Lyases"
"2382","4.2.1.33","Lyases"
"2383","4.2.1.34","Lyases"
"2384","4.2.1.35","Lyases"
"2385","4.2.1.36","Lyases"
"2386","4.2.1.39","Lyases"
"2387","4.2.1.40","Lyases"
"2388","4.2.1.41","Lyases"
"2389","4.2.1.42","Lyases"
"2390","4.2.1.43","Lyases"
"2391","4.2.1.44","Lyases"
"2392","4.2.1.45","Lyases"
"2393","4.2.1.46","Lyases"
"2394","4.2.1.47","Lyases"
"2395","4.2.1.48","Lyases"
"2396","4.2.1.49","Lyases"
"2397","4.2.1.5","Lyases"
"2398","4.2.1.51","Lyases"
"2399","4.2.1.54","Lyases"
"2400","4.2.1.55","Lyases"
"2401","4.2.1.56","Lyases"
"2402","4.2.1.59","Lyases"
"2403","4.2.1.6","Lyases"
"2404","4.2.1.65","Lyases"
"2405","4.2.1.66","Lyases"
"2406","4.2.1.68","Lyases"
"2407","4.2.1.7","Lyases"
"2408","4.2.1.70","Lyases"
"2409","4.2.1.74","Lyases"
"2410","4.2.1.75","Lyases"
"2411","4.2.1.76","Lyases"
"2412","4.2.1.77","Lyases"
"2413","4.2.1.78","Lyases"
"2414","4.2.1.79","Lyases"
"2415","4.2.1.8","Lyases"
"2416","4.2.1.80","Lyases"
"2417","4.2.1.82","Lyases"
"2418","4.2.1.83","Lyases"
"2419","4.2.1.84","Lyases"
"2420","4.2.1.9","Lyases"
"2421","4.2.1.90","Lyases"
"2422","4.2.1.91","Lyases"
"2423","4.2.1.92","Lyases"
"2424","4.2.1.96","Lyases"
"2425","4.2.1.99","Lyases"
"2426","4.2.2.11","Lyases"
"2427","4.2.2.2","Lyases"
"2428","4.2.2.3","Lyases"
"2429","4.2.2.6","Lyases"
"2430","4.2.2.9","Lyases"
"2431","4.2.3.1","Lyases"
"2432","4.2.3.107","Lyases"
"2433","4.2.3.108","Lyases"
"2434","4.2.3.11","Lyases"
"2435","4.2.3.111","Lyases"
"2436","4.2.3.116","Lyases"
"2437","4.2.3.117","Lyases"
"2438","4.2.3.119","Lyases"
"2439","4.2.3.12","Lyases"
"2440","4.2.3.13","Lyases"
"2441","4.2.3.134","Lyases"
"2442","4.2.3.146","Lyases"
"2443","4.2.3.152","Lyases"
"2444","4.2.3.153","Lyases"
"2445","4.2.3.16","Lyases"
"2446","4.2.3.17","Lyases"
"2447","4.2.3.18","Lyases"
"2448","4.2.3.19","Lyases"
"2449","4.2.3.2","Lyases"
"2450","4.2.3.20","Lyases"
"2451","4.2.3.211","Lyases"
"2452","4.2.3.22","Lyases"
"2453","4.2.3.3","Lyases"
"2454","4.2.3.36","Lyases"
"2455","4.2.3.38","Lyases"
"2456","4.2.3.4","Lyases"
"2457","4.2.3.5","Lyases"
"2458","4.2.3.7","Lyases"
"2459","4.2.3.8","Lyases"
"2460","4.2.3.9","Lyases"
"2461","4.2.99.20","Lyases"
"2462","4.2.99.24","Lyases"
"2463","4.3.1.1","Lyases"
"2464","4.3.1.12","Lyases"
"2465","4.3.1.14","Lyases"
"2466","4.3.1.17","Lyases"
"2467","4.3.1.18","Lyases"
"2468","4.3.1.19","Lyases"
"2469","4.3.1.2","Lyases"
"2470","4.3.1.23","Lyases"
"2471","4.3.1.24","Lyases"
"2472","4.3.1.25","Lyases"
"2473","4.3.1.3","Lyases"
"2474","4.3.1.30","Lyases"
"2475","4.3.1.32","Lyases"
"2476","4.3.1.4","Lyases"
"2477","4.3.1.7","Lyases"
"2478","4.3.1.9","Lyases"
"2479","4.3.2.1","Lyases"
"2480","4.3.2.10","Lyases"
"2481","4.3.2.2","Lyases"
"2482","4.3.2.3","Lyases"
"2483","4.3.2.7","Lyases"
"2484","4.3.2.9","Lyases"
"2485","4.3.3.2","Lyases"
"2486","4.3.3.5","Lyases"
"2487","4.3.3.6","Lyases"
"2488","4.3.3.7","Lyases"
"2489","4.3.99.3","Lyases"
"2490","4.3.99.5","Lyases"
"2491","4.4.1.1","Lyases"
"2492","4.4.1.10","Lyases"
"2493","4.4.1.11","Lyases"
"2494","4.4.1.13","Lyases"
"2495","4.4.1.14","Lyases"
"2496","4.4.1.15","Lyases"
"2497","4.4.1.16","Lyases"
"2498","4.4.1.17","Lyases"
"2499","4.4.1.19","Lyases"
"2500","4.4.1.2","Lyases"
"2501","4.4.1.20","Lyases"
"2502","4.4.1.21","Lyases"
"2503","4.4.1.22","Lyases"
"2504","4.4.1.24","Lyases"
"2505","4.4.1.25","Lyases"
"2506","4.4.1.26","Lyases"
"2507","4.4.1.28","Lyases"
"2508","4.4.1.3","Lyases"
"2509","4.4.1.35","Lyases"
"2510","4.4.1.36","Lyases"
"2511","4.4.1.38","Lyases"
"2512","4.4.1.5","Lyases"
"2513","4.4.1.9","Lyases"
"2514","4.6.1.1","Lyases"
"2515","4.6.1.12","Lyases"
"2516","4.6.1.13","Lyases"
"2517","4.6.1.17","Lyases"
"2518","4.6.1.2","Lyases"
"2519","4.7.1.1","Lyases"
"2520","4.8.1.3","Lyases"
"2521","4.8.1.4","Lyases"
"2522","4.98.1.1","Lyases"
"2523","4.99.1.11","Lyases"
"2524","4.99.1.3","Lyases"
"2525","4.99.1.4","Lyases"
"2526","4.99.1.9","Lyases"
"2527","5.1.1.1","Isomerases"
"2528","5.1.1.10","Isomerases"
"2529","5.1.1.11","Isomerases"
"2530","5.1.1.12","Isomerases"
"2531","5.1.1.13","Isomerases"
"2532","5.1.1.14","Isomerases"
"2533","5.1.1.17","Isomerases"
"2534","5.1.1.18","Isomerases"
"2535","5.1.1.19","Isomerases"
"2536","5.1.1.2","Isomerases"
"2537","5.1.1.23","Isomerases"
"2538","5.1.1.24","Isomerases"
"2539","5.1.1.3","Isomerases"
"2540","5.1.1.4","Isomerases"
"2541","5.1.1.5","Isomerases"
"2542","5.1.1.6","Isomerases"
"2543","5.1.1.7","Isomerases"
"2544","5.1.1.8","Isomerases"
"2545","5.1.1.9","Isomerases"
"2546","5.1.2.1","Isomerases"
"2547","5.1.2.3","Isomerases"
"2548","5.1.2.5","Isomerases"
"2549","5.1.2.7","Isomerases"
"2550","5.1.3.1","Isomerases"
"2551","5.1.3.10","Isomerases"
"2552","5.1.3.13","Isomerases"
"2553","5.1.3.14","Isomerases"
"2554","5.1.3.15","Isomerases"
"2555","5.1.3.17","Isomerases"
"2556","5.1.3.18","Isomerases"
"2557","5.1.3.19","Isomerases"
"2558","5.1.3.2","Isomerases"
"2559","5.1.3.20","Isomerases"
"2560","5.1.3.22","Isomerases"
"2561","5.1.3.23","Isomerases"
"2562","5.1.3.27","Isomerases"
"2563","5.1.3.28","Isomerases"
"2564","5.1.3.3","Isomerases"
"2565","5.1.3.33","Isomerases"
"2566","5.1.3.34","Isomerases"
"2567","5.1.3.35","Isomerases"
"2568","5.1.3.37","Isomerases"
"2569","5.1.3.4","Isomerases"
"2570","5.1.3.40","Isomerases"
"2571","5.1.3.42","Isomerases"
"2572","5.1.3.5","Isomerases"
"2573","5.1.3.6","Isomerases"
"2574","5.1.3.7","Isomerases"
"2575","5.1.3.8","Isomerases"
"2576","5.1.3.9","Isomerases"
"2577","5.1.99.1","Isomerases"
"2578","5.1.99.3","Isomerases"
"2579","5.1.99.4","Isomerases"
"2580","5.2.1.1","Isomerases"
"2581","5.2.1.10","Isomerases"
"2582","5.2.1.12","Isomerases"
"2583","5.2.1.13","Isomerases"
"2584","5.2.1.2","Isomerases"
"2585","5.2.1.4","Isomerases"
"2586","5.3.1.1","Isomerases"
"2587","5.3.1.12","Isomerases"
"2588","5.3.1.13","Isomerases"
"2589","5.3.1.14","Isomerases"
"2590","5.3.1.16","Isomerases"
"2591","5.3.1.17","Isomerases"
"2592","5.3.1.22","Isomerases"
"2593","5.3.1.23","Isomerases"
"2594","5.3.1.24","Isomerases"
"2595","5.3.1.25","Isomerases"
"2596","5.3.1.26","Isomerases"
"2597","5.3.1.27","Isomerases"
"2598","5.3.1.28","Isomerases"
"2599","5.3.1.29","Isomerases"
"2600","5.3.1.30","Isomerases"
"2601","5.3.1.4","Isomerases"
"2602","5.3.1.5","Isomerases"
"2603","5.3.1.6","Isomerases"
"2604","5.3.1.7","Isomerases"
"2605","5.3.1.8","Isomerases"
"2606","5.3.1.9","Isomerases"
"2607","5.3.2.1","Isomerases"
"2608","5.3.2.3","Isomerases"
"2609","5.3.2.4","Isomerases"
"2610","5.3.2.5","Isomerases"
"2611","5.3.2.6","Isomerases"
"2612","5.3.2.8","Isomerases"
"2613","5.3.3.1","Isomerases"
"2614","5.3.3.10","Isomerases"
"2615","5.3.3.12","Isomerases"
"2616","5.3.3.17","Isomerases"
"2617","5.3.3.18","Isomerases"
"2618","5.3.3.19","Isomerases"
"2619","5.3.3.2","Isomerases"
"2620","5.3.3.23","Isomerases"
"2621","5.3.3.24","Isomerases"
"2622","5.3.3.3","Isomerases"
"2623","5.3.3.4","Isomerases"
"2624","5.3.3.5","Isomerases"
"2625","5.3.3.7","Isomerases"
"2626","5.3.99.10","Isomerases"
"2627","5.3.99.11","Isomerases"
"2628","5.3.99.2","Isomerases"
"2629","5.3.99.3","Isomerases"
"2630","5.3.99.4","Isomerases"
"2631","5.3.99.5","Isomerases"
"2632","5.3.99.6","Isomerases"
"2633","5.3.99.7","Isomerases"
"2634","5.3.99.9","Isomerases"
"2635","5.4.1.3","Isomerases"
"2636","5.4.1.4","Isomerases"
"2637","5.4.2.10","Isomerases"
"2638","5.4.2.11","Isomerases"
"2639","5.4.2.12","Isomerases"
"2640","5.4.2.13","Isomerases"
"2641","5.4.2.2","Isomerases"
"2642","5.4.2.3","Isomerases"
"2643","5.4.2.4","Isomerases"
"2644","5.4.2.7","Isomerases"
"2645","5.4.2.8","Isomerases"
"2646","5.4.2.9","Isomerases"
"2647","5.4.3.2","Isomerases"
"2648","5.4.3.3","Isomerases"
"2649","5.4.3.5","Isomerases"
"2650","5.4.3.6","Isomerases"
"2651","5.4.3.8","Isomerases"
"2652","5.4.4.2","Isomerases"
"2653","5.4.4.7","Isomerases"
"2654","5.4.99.1","Isomerases"
"2655","5.4.99.15","Isomerases"
"2656","5.4.99.16","Isomerases"
"2657","5.4.99.18","Isomerases"
"2658","5.4.99.2","Isomerases"
"2659","5.4.99.30","Isomerases"
"2660","5.4.99.5","Isomerases"
"2661","5.4.99.58","Isomerases"
"2662","5.4.99.59","Isomerases"
"2663","5.4.99.60","Isomerases"
"2664","5.4.99.61","Isomerases"
"2665","5.4.99.63","Isomerases"
"2666","5.4.99.7","Isomerases"
"2667","5.4.99.8","Isomerases"
"2668","5.4.99.9","Isomerases"
"2669","5.5.1.1","Isomerases"
"2670","5.5.1.12","Isomerases"
"2671","5.5.1.13","Isomerases"
"2672","5.5.1.15","Isomerases"
"2673","5.5.1.18","Isomerases"
"2674","5.5.1.19","Isomerases"
"2675","5.5.1.2","Isomerases"
"2676","5.5.1.23","Isomerases"
"2677","5.5.1.24","Isomerases"
"2678","5.5.1.26","Isomerases"
"2679","5.5.1.27","Isomerases"
"2680","5.5.1.34","Isomerases"
"2681","5.5.1.4","Isomerases"
"2682","5.5.1.6","Isomerases"
"2683","5.5.1.7","Isomerases"
"2684","5.5.1.8","Isomerases"
"2685","5.5.1.9","Isomerases"
"2686","5.99.1.4","Isomerases"
"2687","6.1.1.10","Ligases"
"2688","6.1.1.13","Ligases"
"2689","6.1.1.17","Ligases"
"2690","6.1.1.18","Ligases"
"2691","6.1.1.24","Ligases"
"2692","6.2.1.1","Ligases"
"2693","6.2.1.11","Ligases"
"2694","6.2.1.12","Ligases"
"2695","6.2.1.13","Ligases"
"2696","6.2.1.14","Ligases"
"2697","6.2.1.16","Ligases"
"2698","6.2.1.17","Ligases"
"2699","6.2.1.18","Ligases"
"2700","6.2.1.2","Ligases"
"2701","6.2.1.25","Ligases"
"2702","6.2.1.26","Ligases"
"2703","6.2.1.27","Ligases"
"2704","6.2.1.3","Ligases"
"2705","6.2.1.30","Ligases"
"2706","6.2.1.31","Ligases"
"2707","6.2.1.32","Ligases"
"2708","6.2.1.33","Ligases"
"2709","6.2.1.36","Ligases"
"2710","6.2.1.4","Ligases"
"2711","6.2.1.40","Ligases"
"2712","6.2.1.41","Ligases"
"2713","6.2.1.43","Ligases"
"2714","6.2.1.44","Ligases"
"2715","6.2.1.5","Ligases"
"2716","6.2.1.53","Ligases"
"2717","6.2.1.56","Ligases"
"2718","6.2.1.6","Ligases"
"2719","6.2.1.7","Ligases"
"2720","6.2.1.76","Ligases"
"2721","6.2.1.8","Ligases"
"2722","6.2.1.9","Ligases"
"2723","6.3.1.1","Ligases"
"2724","6.3.1.10","Ligases"
"2725","6.3.1.11","Ligases"
"2726","6.3.1.15","Ligases"
"2727","6.3.1.17","Ligases"
"2728","6.3.1.2","Ligases"
"2729","6.3.1.20","Ligases"
"2730","6.3.1.21","Ligases"
"2731","6.3.1.5","Ligases"
"2732","6.3.1.8","Ligases"
"2733","6.3.1.9","Ligases"
"2734","6.3.2.1","Ligases"
"2735","6.3.2.10","Ligases"
"2736","6.3.2.11","Ligases"
"2737","6.3.2.12","Ligases"
"2738","6.3.2.13","Ligases"
"2739","6.3.2.17","Ligases"
"2740","6.3.2.2","Ligases"
"2741","6.3.2.26","Ligases"
"2742","6.3.2.3","Ligases"
"2743","6.3.2.31","Ligases"
"2744","6.3.2.32","Ligases"
"2745","6.3.2.34","Ligases"
"2746","6.3.2.36","Ligases"
"2747","6.3.2.38","Ligases"
"2748","6.3.2.39","Ligases"
"2749","6.3.2.4","Ligases"
"2750","6.3.2.41","Ligases"
"2751","6.3.2.42","Ligases"
"2752","6.3.2.43","Ligases"
"2753","6.3.2.46","Ligases"
"2754","6.3.2.47","Ligases"
"2755","6.3.2.49","Ligases"
"2756","6.3.2.5","Ligases"
"2757","6.3.2.53","Ligases"
"2758","6.3.2.54","Ligases"
"2759","6.3.2.55","Ligases"
"2760","6.3.2.56","Ligases"
"2761","6.3.2.57","Ligases"
"2762","6.3.2.58","Ligases"
"2763","6.3.2.59","Ligases"
"2764","6.3.2.6","Ligases"
"2765","6.3.2.60","Ligases"
"2766","6.3.2.7","Ligases"
"2767","6.3.2.8","Ligases"
"2768","6.3.2.9","Ligases"
"2769","6.3.3.1","Ligases"
"2770","6.3.3.2","Ligases"
"2771","6.3.3.3","Ligases"
"2772","6.3.3.4","Ligases"
"2773","6.3.3.5","Ligases"
"2774","6.3.3.6","Ligases"
"2775","6.3.3.7","Ligases"
"2776","6.3.4.10","Ligases"
"2777","6.3.4.11","Ligases"
"2778","6.3.4.13","Ligases"
"2779","6.3.4.15","Ligases"
"2780","6.3.4.16","Ligases"
"2781","6.3.4.18","Ligases"
"2782","6.3.4.2","Ligases"
"2783","6.3.4.20","Ligases"
"2784","6.3.4.21","Ligases"
"2785","6.3.4.23","Ligases"
"2786","6.3.4.24","Ligases"
"2787","6.3.4.3","Ligases"
"2788","6.3.4.4","Ligases"
"2789","6.3.4.5","Ligases"
"2790","6.3.4.6","Ligases"
"2791","6.3.4.7","Ligases"
"2792","6.3.4.9","Ligases"
"2793","6.3.5.1","Ligases"
"2794","6.3.5.10","Ligases"
"2795","6.3.5.11","Ligases"
"2796","6.3.5.12","Ligases"
"2797","6.3.5.13","Ligases"
"2798","6.3.5.2","Ligases"
"2799","6.3.5.3","Ligases"
"2800","6.3.5.4","Ligases"
"2801","6.3.5.5","Ligases"
"2802","6.3.5.7","Ligases"
"2803","6.3.5.9","Ligases"
"2804","6.4.1.1","Ligases"
"2805","6.4.1.2","Ligases"
"2806","6.4.1.3","Ligases"
"2807","6.4.1.4","Ligases"
"2808","6.4.1.9","Ligases"
"2809","6.6.1.1","Ligases"
"2810","6.6.1.2","Ligases"
"2811","6.7.1.1","Ligases"
"2812","7.1.1.2","Translocases"
"2813","7.1.1.6","Translocases"
"2814","7.1.1.8","Translocases"
"2815","7.1.2.1","Translocases"
"2816","7.1.2.2","Translocases"
"2817","7.2.2.19","Translocases"
"2818","7.2.4.2","Translocases"
